Replicate Name,Protein Name,Precursor Ion Name,Precursor Mz,Product Mz,Retention Time,Area,Background,Start Time,End Time,Height
180212_Std_4uMhilicMix4_1,Co-enzyme A,Acetoacetyl CoA,850.3228,766.3569,5.22,2516063,35859,5.14,5.33,839328
180212_Std_4uMhilicMix4_2,Co-enzyme A,Acetoacetyl CoA,850.3228,766.3569,5.24,3573113,22243,5.16,5.35,1083738
180212_Blk_MQBlk_1,Co-enzyme A,Acetoacetyl CoA,850.3228,766.3569,5.24,1389,4,5.2,5.33,468
180212_Blk_MQBlk_2,Co-enzyme A,Acetoacetyl CoA,850.3228,766.3569,5.2,105,4,5.12,5.22,83
180212_Blk_MQBlk_3,Co-enzyme A,Acetoacetyl CoA,850.3228,766.3569,5.18,966,0,5.15,5.23,778
180212_Blk_SWBlk_1,Co-enzyme A,Acetoacetyl CoA,850.3228,766.3569,5.16,75,0,5.1,5.26,19
180212_Blk_SWBlk_2,Co-enzyme A,Acetoacetyl CoA,850.3228,766.3569,5.24,595,19,5.21,5.35,224
180212_Blk_SWBlk_3,Co-enzyme A,Acetoacetyl CoA,850.3228,766.3569,5.29,1214,132,5.17,5.35,1032
180212_Poo_TruePoo_Full1,Co-enzyme A,Acetoacetyl CoA,850.3228,766.3569,5.14,1738,0,5.12,5.22,1668
180212_Poo_TruePoo_Full2,Co-enzyme A,Acetoacetyl CoA,850.3228,766.3569,5.24,398,17,5.19,5.24,348
180212_Poo_TruePoo_Full3,Co-enzyme A,Acetoacetyl CoA,850.3228,766.3569,5.25,1743,172,5.17,5.37,1168
180212_Poo_TruePoo_Half1,Co-enzyme A,Acetoacetyl CoA,850.3228,766.3569,5.27,421,20,5.18,5.35,216
180212_Poo_TruePoo_Half2,Co-enzyme A,Acetoacetyl CoA,850.3228,766.3569,5.19,79,6,5.16,5.22,75
180212_Poo_TruePoo_Half3,Co-enzyme A,Acetoacetyl CoA,850.3228,766.3569,5.18,1231,4,5.16,5.23,564
180212_Smp_L1C32DCMless10m_A,Co-enzyme A,Acetoacetyl CoA,850.3228,766.3569,5.3,943,13,5.2,5.35,406
180212_Smp_L1C32DCMless10m_B,Co-enzyme A,Acetoacetyl CoA,850.3228,766.3569,5.12,418,72,5.09,5.38,181
180212_Smp_L1C32DCMless10m_C,Co-enzyme A,Acetoacetyl CoA,850.3228,766.3569,5.22,351,3,5.2,5.34,131
180212_Smp_L1C32DCMless20m_A,Co-enzyme A,Acetoacetyl CoA,850.3228,766.3569,5.34,190,58,5.18,5.36,148
180212_Smp_L1C32DCMless20m_B,Co-enzyme A,Acetoacetyl CoA,850.3228,766.3569,5.18,118,0,5.16,5.24,92
180212_Smp_L1C32DCMless20m_C,Co-enzyme A,Acetoacetyl CoA,850.3228,766.3569,5.21,32,0,5.17,5.25,16
180212_Smp_L1C33DCM_A,Co-enzyme A,Acetoacetyl CoA,850.3228,766.3569,5.26,384,85,5.19,5.37,281
180212_Smp_L1C33DCM_B,Co-enzyme A,Acetoacetyl CoA,850.3228,766.3569,5.21,212,3,5.12,5.23,146
180212_Smp_L1C33DCM_C,Co-enzyme A,Acetoacetyl CoA,850.3228,766.3569,5.24,16,23,5.19,5.27,12
180212_Smp_L1C33DCMplus10m_A,Co-enzyme A,Acetoacetyl CoA,850.3228,766.3569,5.19,1100,0,5.17,5.24,781
180212_Smp_L1C33DCMplus10m_B,Co-enzyme A,Acetoacetyl CoA,850.3228,766.3569,5.21,676,0,5.18,5.24,631
180212_Smp_L1C33DCMplus10m_C,Co-enzyme A,Acetoacetyl CoA,850.3228,766.3569,5.11,754,5,5.08,5.16,316
180212_Smp_L1C33DCMplus20m_A,Co-enzyme A,Acetoacetyl CoA,850.3228,766.3569,5.23,394,23,5.19,5.26,351
180212_Smp_L1C33DCMplus20m_B,Co-enzyme A,Acetoacetyl CoA,850.3228,766.3569,5.17,646,6,5.12,5.22,352
180212_Smp_L1C33DCMplus20m_C,Co-enzyme A,Acetoacetyl CoA,850.3228,766.3569,5.25,336,0,5.18,5.29,365
180212_Smp_L2C1DCMless10m_A,Co-enzyme A,Acetoacetyl CoA,850.3228,766.3569,5.2,1497,22,5.1,5.24,677
180212_Smp_L2C1DCMless10m_B,Co-enzyme A,Acetoacetyl CoA,850.3228,766.3569,5.17,3026,3,5.12,5.28,1081
180212_Smp_L2C1DCMless10m_C,Co-enzyme A,Acetoacetyl CoA,850.3228,766.3569,5.23,929,0,5.21,5.32,504
180212_Smp_L2C1DCMless20m_A,Co-enzyme A,Acetoacetyl CoA,850.3228,766.3569,5.26,217,41,5.17,5.38,48
180212_Smp_L2C1DCMless20m_B,Co-enzyme A,Acetoacetyl CoA,850.3228,766.3569,5.17,571,0,5.11,5.25,326
180212_Smp_L2C1DCMless20m_C,Co-enzyme A,Acetoacetyl CoA,850.3228,766.3569,5.18,140,0,5.11,5.24,74
180212_Smp_L2C2DCM_A,Co-enzyme A,Acetoacetyl CoA,850.3228,766.3569,5.26,422,9,5.17,5.31,181
180212_Smp_L2C2DCM_B,Co-enzyme A,Acetoacetyl CoA,850.3228,766.3569,5.24,18,0,5.18,5.25,15
180212_Smp_L2C2DCM_C,Co-enzyme A,Acetoacetyl CoA,850.3228,766.3569,5.24,101,0,5.21,5.25,106
180212_Smp_L2C2DCMplus10m_A,Co-enzyme A,Acetoacetyl CoA,850.3228,766.3569,5.15,140,63,5.07,5.27,111
180212_Smp_L2C2DCMplus10m_B,Co-enzyme A,Acetoacetyl CoA,850.3228,766.3569,5.24,733,1,5.2,5.3,306
180212_Smp_L2C2DCMplus10m_C,Co-enzyme A,Acetoacetyl CoA,850.3228,766.3569,5.11,374,30,5.09,5.27,148
180212_Smp_L2C2DCMplus20m_A,Co-enzyme A,Acetoacetyl CoA,850.3228,766.3569,5.21,37,12,5.19,5.24,22
180212_Smp_L2C2DCMplus20m_B,Co-enzyme A,Acetoacetyl CoA,850.3228,766.3569,5.23,331,0,5.12,5.26,148
180212_Smp_L2C2DCMplus20m_C,Co-enzyme A,Acetoacetyl CoA,850.3228,766.3569,5.19,548,5,5.13,5.27,167
180212_Std_4uMhilicMix4_1,Co-enzyme A,Acetoacetyl CoA,850.3228,408.178,5.22,2079048,21586,5.14,5.33,681630
180212_Std_4uMhilicMix4_2,Co-enzyme A,Acetoacetyl CoA,850.3228,408.178,5.24,2728782,10528,5.16,5.35,798255
180212_Blk_MQBlk_1,Co-enzyme A,Acetoacetyl CoA,850.3228,408.178,5.27,17,31,5.2,5.33,7
180212_Blk_MQBlk_2,Co-enzyme A,Acetoacetyl CoA,850.3228,408.178,5.16,52,0,5.12,5.22,17
180212_Blk_MQBlk_3,Co-enzyme A,Acetoacetyl CoA,850.3228,408.178,5.15,14,0,5.15,5.23,6
180212_Blk_SWBlk_1,Co-enzyme A,Acetoacetyl CoA,850.3228,408.178,5.22,30,15,5.1,5.26,10
180212_Blk_SWBlk_2,Co-enzyme A,Acetoacetyl CoA,850.3228,408.178,5.31,32,0,5.21,5.35,10
180212_Blk_SWBlk_3,Co-enzyme A,Acetoacetyl CoA,850.3228,408.178,5.24,68,0,5.17,5.35,17
180212_Poo_TruePoo_Full1,Co-enzyme A,Acetoacetyl CoA,850.3228,408.178,5.14,37,0,5.12,5.22,14
180212_Poo_TruePoo_Full2,Co-enzyme A,Acetoacetyl CoA,850.3228,408.178,5.23,18,2,5.19,5.24,13
180212_Poo_TruePoo_Full3,Co-enzyme A,Acetoacetyl CoA,850.3228,408.178,5.26,87,0,5.17,5.37,18
180212_Poo_TruePoo_Half1,Co-enzyme A,Acetoacetyl CoA,850.3228,408.178,5.28,58,0,5.18,5.35,16
180212_Poo_TruePoo_Half2,Co-enzyme A,Acetoacetyl CoA,850.3228,408.178,5.19,168,6,5.16,5.22,127
180212_Poo_TruePoo_Half3,Co-enzyme A,Acetoacetyl CoA,850.3228,408.178,5.19,6,3,5.16,5.23,5
180212_Smp_L1C32DCMless10m_A,Co-enzyme A,Acetoacetyl CoA,850.3228,408.178,5.2,62,1,5.2,5.35,12
180212_Smp_L1C32DCMless10m_B,Co-enzyme A,Acetoacetyl CoA,850.3228,408.178,5.13,757,0,5.09,5.38,326
180212_Smp_L1C32DCMless10m_C,Co-enzyme A,Acetoacetyl CoA,850.3228,408.178,5.3,10,32,5.2,5.34,7
180212_Smp_L1C32DCMless20m_A,Co-enzyme A,Acetoacetyl CoA,850.3228,408.178,5.23,130,17,5.18,5.36,41
180212_Smp_L1C32DCMless20m_B,Co-enzyme A,Acetoacetyl CoA,850.3228,408.178,5.21,17,0,5.16,5.24,6
180212_Smp_L1C32DCMless20m_C,Co-enzyme A,Acetoacetyl CoA,850.3228,408.178,5.17,7,4,5.17,5.25,6
180212_Smp_L1C33DCM_A,Co-enzyme A,Acetoacetyl CoA,850.3228,408.178,5.21,97,0,5.19,5.37,18
180212_Smp_L1C33DCM_B,Co-enzyme A,Acetoacetyl CoA,850.3228,408.178,5.13,13,0,5.12,5.23,6
180212_Smp_L1C33DCM_C,Co-enzyme A,Acetoacetyl CoA,850.3228,408.178,5.23,42,0,5.19,5.27,17
180212_Smp_L1C33DCMplus10m_A,Co-enzyme A,Acetoacetyl CoA,850.3228,408.178,5.23,16,0,5.17,5.24,9
180212_Smp_L1C33DCMplus10m_B,Co-enzyme A,Acetoacetyl CoA,850.3228,408.178,5.2,7,0,5.18,5.24,8
180212_Smp_L1C33DCMplus10m_C,Co-enzyme A,Acetoacetyl CoA,850.3228,408.178,5.11,22,16,5.08,5.16,9
180212_Smp_L1C33DCMplus20m_A,Co-enzyme A,Acetoacetyl CoA,850.3228,408.178,5.2,43,0,5.19,5.26,24
180212_Smp_L1C33DCMplus20m_B,Co-enzyme A,Acetoacetyl CoA,850.3228,408.178,5.21,31,6,5.12,5.22,11
180212_Smp_L1C33DCMplus20m_C,Co-enzyme A,Acetoacetyl CoA,850.3228,408.178,5.2,92,0,5.18,5.29,74
180212_Smp_L2C1DCMless10m_A,Co-enzyme A,Acetoacetyl CoA,850.3228,408.178,5.18,34,0,5.1,5.24,6
180212_Smp_L2C1DCMless10m_B,Co-enzyme A,Acetoacetyl CoA,850.3228,408.178,5.21,18,25,5.12,5.28,11
180212_Smp_L2C1DCMless10m_C,Co-enzyme A,Acetoacetyl CoA,850.3228,408.178,5.26,29,4,5.21,5.32,16
180212_Smp_L2C1DCMless20m_A,Co-enzyme A,Acetoacetyl CoA,850.3228,408.178,5.26,84,0,5.17,5.38,20
180212_Smp_L2C1DCMless20m_B,Co-enzyme A,Acetoacetyl CoA,850.3228,408.178,5.2,56,0,5.11,5.25,28
180212_Smp_L2C1DCMless20m_C,Co-enzyme A,Acetoacetyl CoA,850.3228,408.178,5.12,23,5,5.11,5.24,9
180212_Smp_L2C2DCM_A,Co-enzyme A,Acetoacetyl CoA,850.3228,408.178,5.24,60,13,5.17,5.31,16
180212_Smp_L2C2DCM_B,Co-enzyme A,Acetoacetyl CoA,850.3228,408.178,5.23,45,0,5.18,5.25,32
180212_Smp_L2C2DCM_C,Co-enzyme A,Acetoacetyl CoA,850.3228,408.178,5.24,10,0,5.21,5.25,8
180212_Smp_L2C2DCMplus10m_A,Co-enzyme A,Acetoacetyl CoA,850.3228,408.178,5.1,151,16,5.07,5.27,23
180212_Smp_L2C2DCMplus10m_B,Co-enzyme A,Acetoacetyl CoA,850.3228,408.178,5.2,8,16,5.2,5.3,4
180212_Smp_L2C2DCMplus10m_C,Co-enzyme A,Acetoacetyl CoA,850.3228,408.178,5.2,45,0,5.09,5.27,17
180212_Smp_L2C2DCMplus20m_A,Co-enzyme A,Acetoacetyl CoA,850.3228,408.178,5.22,36,3,5.19,5.24,16
180212_Smp_L2C2DCMplus20m_B,Co-enzyme A,Acetoacetyl CoA,850.3228,408.178,5.14,69,8,5.12,5.26,17
180212_Smp_L2C2DCMplus20m_C,Co-enzyme A,Acetoacetyl CoA,850.3228,408.178,5.14,60,0,5.13,5.27,16
180212_Std_4uMhilicMix4_1,Co-enzyme A,Acetyl CoA,808.149,461.1161,5.4,20544276,363001,5.36,5.47,11001184
180212_Std_4uMhilicMix4_2,Co-enzyme A,Acetyl CoA,808.149,461.1161,5.42,36252820,211697,5.38,5.5,19246748
180212_Blk_MQBlk_1,Co-enzyme A,Acetyl CoA,808.149,461.1161,5.46,2828,0,5.38,5.57,924
180212_Blk_MQBlk_2,Co-enzyme A,Acetyl CoA,808.149,461.1161,5.44,322,25,5.39,5.49,114
180212_Blk_MQBlk_3,Co-enzyme A,Acetyl CoA,808.149,461.1161,5.44,1256,0,5.41,5.48,799
180212_Blk_SWBlk_1,Co-enzyme A,Acetyl CoA,808.149,461.1161,5.41,1398,77,5.4,5.56,533
180212_Blk_SWBlk_2,Co-enzyme A,Acetyl CoA,808.149,461.1161,5.42,1237,40,5.4,5.51,571
180212_Blk_SWBlk_3,Co-enzyme A,Acetyl CoA,808.149,461.1161,5.47,1050,0,5.39,5.56,320
180212_Poo_TruePoo_Full1,Co-enzyme A,Acetyl CoA,808.149,461.1161,5.44,88068,1597,5.4,5.55,41875
180212_Poo_TruePoo_Full2,Co-enzyme A,Acetyl CoA,808.149,461.1161,5.43,90528,0,5.38,5.5,43216
180212_Poo_TruePoo_Full3,Co-enzyme A,Acetyl CoA,808.149,461.1161,5.44,69757,161,5.39,5.54,27118
180212_Poo_TruePoo_Half1,Co-enzyme A,Acetyl CoA,808.149,461.1161,5.43,39487,58,5.38,5.53,14762
180212_Poo_TruePoo_Half2,Co-enzyme A,Acetyl CoA,808.149,461.1161,5.43,40175,0,5.38,5.53,14675
180212_Poo_TruePoo_Half3,Co-enzyme A,Acetyl CoA,808.149,461.1161,5.44,42882,102,5.38,5.51,16903
180212_Smp_L1C32DCMless10m_A,Co-enzyme A,Acetyl CoA,808.149,461.1161,5.42,94432,33,5.38,5.5,38358
180212_Smp_L1C32DCMless10m_B,Co-enzyme A,Acetyl CoA,808.149,461.1161,5.43,87268,92,5.38,5.53,37535
180212_Smp_L1C32DCMless10m_C,Co-enzyme A,Acetyl CoA,808.149,461.1161,5.44,101221,919,5.39,5.51,45314
180212_Smp_L1C32DCMless20m_A,Co-enzyme A,Acetyl CoA,808.149,461.1161,5.42,105707,177,5.39,5.53,37749
180212_Smp_L1C32DCMless20m_B,Co-enzyme A,Acetyl CoA,808.149,461.1161,5.43,117250,110,5.38,5.51,45906
180212_Smp_L1C32DCMless20m_C,Co-enzyme A,Acetyl CoA,808.149,461.1161,5.43,139154,0,5.39,5.56,56896
180212_Smp_L1C33DCM_A,Co-enzyme A,Acetyl CoA,808.149,461.1161,5.42,103077,706,5.39,5.52,43750
180212_Smp_L1C33DCM_B,Co-enzyme A,Acetyl CoA,808.149,461.1161,5.43,121164,0,5.38,5.53,59808
180212_Smp_L1C33DCM_C,Co-enzyme A,Acetyl CoA,808.149,461.1161,5.43,88066,83,5.39,5.54,32984
180212_Smp_L1C33DCMplus10m_A,Co-enzyme A,Acetyl CoA,808.149,461.1161,5.43,68140,0,5.4,5.58,23540
180212_Smp_L1C33DCMplus10m_B,Co-enzyme A,Acetyl CoA,808.149,461.1161,5.43,95563,146,5.39,5.56,44513
180212_Smp_L1C33DCMplus10m_C,Co-enzyme A,Acetyl CoA,808.149,461.1161,5.43,113410,29,5.39,5.52,51809
180212_Smp_L1C33DCMplus20m_A,Co-enzyme A,Acetyl CoA,808.149,461.1161,5.43,54618,322,5.39,5.53,24323
180212_Smp_L1C33DCMplus20m_B,Co-enzyme A,Acetyl CoA,808.149,461.1161,5.43,51103,1087,5.39,5.51,22076
180212_Smp_L1C33DCMplus20m_C,Co-enzyme A,Acetyl CoA,808.149,461.1161,5.43,65769,37,5.38,5.54,23658
180212_Smp_L2C1DCMless10m_A,Co-enzyme A,Acetyl CoA,808.149,461.1161,5.43,60300,0,5.38,5.55,24487
180212_Smp_L2C1DCMless10m_B,Co-enzyme A,Acetyl CoA,808.149,461.1161,5.43,67963,51,5.39,5.53,27051
180212_Smp_L2C1DCMless10m_C,Co-enzyme A,Acetyl CoA,808.149,461.1161,5.43,71715,13,5.39,5.56,32457
180212_Smp_L2C1DCMless20m_A,Co-enzyme A,Acetyl CoA,808.149,461.1161,5.44,53189,7,5.39,5.53,20183
180212_Smp_L2C1DCMless20m_B,Co-enzyme A,Acetyl CoA,808.149,461.1161,5.43,83843,183,5.38,5.54,32910
180212_Smp_L2C1DCMless20m_C,Co-enzyme A,Acetyl CoA,808.149,461.1161,5.43,70311,0,5.39,5.53,29464
180212_Smp_L2C2DCM_A,Co-enzyme A,Acetyl CoA,808.149,461.1161,5.43,46402,88,5.38,5.5,17592
180212_Smp_L2C2DCM_B,Co-enzyme A,Acetyl CoA,808.149,461.1161,5.43,65591,67,5.39,5.53,31768
180212_Smp_L2C2DCM_C,Co-enzyme A,Acetyl CoA,808.149,461.1161,5.43,58784,47,5.38,5.49,26789
180212_Smp_L2C2DCMplus10m_A,Co-enzyme A,Acetyl CoA,808.149,461.1161,5.43,48375,0,5.39,5.49,16736
180212_Smp_L2C2DCMplus10m_B,Co-enzyme A,Acetyl CoA,808.149,461.1161,5.42,56684,240,5.39,5.5,22393
180212_Smp_L2C2DCMplus10m_C,Co-enzyme A,Acetyl CoA,808.149,461.1161,5.44,47947,89,5.39,5.53,22297
180212_Smp_L2C2DCMplus20m_A,Co-enzyme A,Acetyl CoA,808.149,461.1161,5.42,28411,50,5.39,5.52,10073
180212_Smp_L2C2DCMplus20m_B,Co-enzyme A,Acetyl CoA,808.149,461.1161,5.44,41640,270,5.39,5.51,18207
180212_Smp_L2C2DCMplus20m_C,Co-enzyme A,Acetyl CoA,808.149,461.1161,5.44,33262,0,5.4,5.56,13800
180212_Std_4uMhilicMix4_1,Co-enzyme A,Acetyl CoA,808.149,408.0672,5.4,29341142,393915,5.36,5.47,15076208
180212_Std_4uMhilicMix4_2,Co-enzyme A,Acetyl CoA,808.149,408.0672,5.42,51149596,213710,5.38,5.5,26606984
180212_Blk_MQBlk_1,Co-enzyme A,Acetyl CoA,808.149,408.0672,5.43,4335,0,5.38,5.57,1084
180212_Blk_MQBlk_2,Co-enzyme A,Acetyl CoA,808.149,408.0672,5.41,2458,0,5.39,5.49,812
180212_Blk_MQBlk_3,Co-enzyme A,Acetyl CoA,808.149,408.0672,5.44,876,35,5.41,5.48,697
180212_Blk_SWBlk_1,Co-enzyme A,Acetyl CoA,808.149,408.0672,5.42,4240,58,5.4,5.56,1427
180212_Blk_SWBlk_2,Co-enzyme A,Acetyl CoA,808.149,408.0672,5.46,2678,40,5.4,5.51,1271
180212_Blk_SWBlk_3,Co-enzyme A,Acetyl CoA,808.149,408.0672,5.51,2468,0,5.39,5.56,636
180212_Poo_TruePoo_Full1,Co-enzyme A,Acetyl CoA,808.149,408.0672,5.44,106820,162,5.4,5.55,41630
180212_Poo_TruePoo_Full2,Co-enzyme A,Acetyl CoA,808.149,408.0672,5.43,112026,36,5.38,5.5,54299
180212_Poo_TruePoo_Full3,Co-enzyme A,Acetyl CoA,808.149,408.0672,5.43,129890,45,5.39,5.54,51323
180212_Poo_TruePoo_Half1,Co-enzyme A,Acetyl CoA,808.149,408.0672,5.43,60390,29,5.38,5.53,22633
180212_Poo_TruePoo_Half2,Co-enzyme A,Acetyl CoA,808.149,408.0672,5.42,61992,114,5.38,5.53,24117
180212_Poo_TruePoo_Half3,Co-enzyme A,Acetyl CoA,808.149,408.0672,5.44,54607,118,5.38,5.51,20517
180212_Smp_L1C32DCMless10m_A,Co-enzyme A,Acetyl CoA,808.149,408.0672,5.42,137481,167,5.38,5.5,55788
180212_Smp_L1C32DCMless10m_B,Co-enzyme A,Acetyl CoA,808.149,408.0672,5.43,134070,43,5.38,5.53,53878
180212_Smp_L1C32DCMless10m_C,Co-enzyme A,Acetyl CoA,808.149,408.0672,5.44,147416,656,5.39,5.51,66630
180212_Smp_L1C32DCMless20m_A,Co-enzyme A,Acetyl CoA,808.149,408.0672,5.43,140809,840,5.39,5.53,54930
180212_Smp_L1C32DCMless20m_B,Co-enzyme A,Acetyl CoA,808.149,408.0672,5.44,168588,1681,5.38,5.51,80666
180212_Smp_L1C32DCMless20m_C,Co-enzyme A,Acetyl CoA,808.149,408.0672,5.43,191174,61,5.39,5.56,92298
180212_Smp_L1C33DCM_A,Co-enzyme A,Acetyl CoA,808.149,408.0672,5.43,137647,2067,5.39,5.52,56262
180212_Smp_L1C33DCM_B,Co-enzyme A,Acetyl CoA,808.149,408.0672,5.43,178585,54,5.38,5.53,79130
180212_Smp_L1C33DCM_C,Co-enzyme A,Acetyl CoA,808.149,408.0672,5.43,142338,279,5.39,5.54,54431
180212_Smp_L1C33DCMplus10m_A,Co-enzyme A,Acetyl CoA,808.149,408.0672,5.45,114818,0,5.4,5.58,34048
180212_Smp_L1C33DCMplus10m_B,Co-enzyme A,Acetyl CoA,808.149,408.0672,5.43,122961,61,5.39,5.56,50746
180212_Smp_L1C33DCMplus10m_C,Co-enzyme A,Acetyl CoA,808.149,408.0672,5.43,143757,200,5.39,5.52,57667
180212_Smp_L1C33DCMplus20m_A,Co-enzyme A,Acetyl CoA,808.149,408.0672,5.43,88956,62,5.39,5.53,36397
180212_Smp_L1C33DCMplus20m_B,Co-enzyme A,Acetyl CoA,808.149,408.0672,5.43,85863,117,5.39,5.51,38752
180212_Smp_L1C33DCMplus20m_C,Co-enzyme A,Acetyl CoA,808.149,408.0672,5.44,96383,11,5.38,5.54,34518
180212_Smp_L2C1DCMless10m_A,Co-enzyme A,Acetyl CoA,808.149,408.0672,5.43,75989,61,5.38,5.55,29480
180212_Smp_L2C1DCMless10m_B,Co-enzyme A,Acetyl CoA,808.149,408.0672,5.43,90994,1475,5.39,5.53,37019
180212_Smp_L2C1DCMless10m_C,Co-enzyme A,Acetyl CoA,808.149,408.0672,5.43,108136,184,5.39,5.56,45017
180212_Smp_L2C1DCMless20m_A,Co-enzyme A,Acetyl CoA,808.149,408.0672,5.43,87823,14,5.39,5.53,34378
180212_Smp_L2C1DCMless20m_B,Co-enzyme A,Acetyl CoA,808.149,408.0672,5.43,105304,37,5.38,5.54,45510
180212_Smp_L2C1DCMless20m_C,Co-enzyme A,Acetyl CoA,808.149,408.0672,5.43,108312,0,5.39,5.53,49296
180212_Smp_L2C2DCM_A,Co-enzyme A,Acetyl CoA,808.149,408.0672,5.43,85842,53,5.38,5.5,37355
180212_Smp_L2C2DCM_B,Co-enzyme A,Acetyl CoA,808.149,408.0672,5.44,114037,194,5.39,5.53,50873
180212_Smp_L2C2DCM_C,Co-enzyme A,Acetyl CoA,808.149,408.0672,5.44,84450,74,5.38,5.49,35684
180212_Smp_L2C2DCMplus10m_A,Co-enzyme A,Acetyl CoA,808.149,408.0672,5.43,70279,0,5.39,5.49,28028
180212_Smp_L2C2DCMplus10m_B,Co-enzyme A,Acetyl CoA,808.149,408.0672,5.43,83852,70,5.39,5.5,37130
180212_Smp_L2C2DCMplus10m_C,Co-enzyme A,Acetyl CoA,808.149,408.0672,5.44,71909,55,5.39,5.53,33513
180212_Smp_L2C2DCMplus20m_A,Co-enzyme A,Acetyl CoA,808.149,408.0672,5.42,49903,58,5.39,5.52,19315
180212_Smp_L2C2DCMplus20m_B,Co-enzyme A,Acetyl CoA,808.149,408.0672,5.44,55222,94,5.39,5.51,20923
180212_Smp_L2C2DCMplus20m_C,Co-enzyme A,Acetyl CoA,808.149,408.0672,5.44,50365,0,5.4,5.56,20772
180212_Std_4uMhilicMix4_1,Co-enzyme A,Crotonyl CoA,834.277,408.067,8.22,5746957,83985,8.18,8.34,1871139
180212_Std_4uMhilicMix4_2,Co-enzyme A,Crotonyl CoA,834.277,408.067,8.24,5738620,46570,8.2,8.38,1473491
180212_Blk_MQBlk_1,Co-enzyme A,Crotonyl CoA,834.277,408.067,8.25,305,6,8.21,8.28,256
180212_Blk_MQBlk_2,Co-enzyme A,Crotonyl CoA,834.277,408.067,8.23,15,0,8.22,8.26,15
180212_Blk_MQBlk_3,Co-enzyme A,Crotonyl CoA,834.277,408.067,8.24,13,0,8.22,8.25,13
180212_Blk_SWBlk_1,Co-enzyme A,Crotonyl CoA,834.277,408.067,8.21,2,11,8.21,8.24,7
180212_Blk_SWBlk_2,Co-enzyme A,Crotonyl CoA,834.277,408.067,8.23,13,12,8.18,8.24,12
180212_Blk_SWBlk_3,Co-enzyme A,Crotonyl CoA,834.277,408.067,8.22,27,0,8.2,8.26,30
180212_Poo_TruePoo_Full1,Co-enzyme A,Crotonyl CoA,834.277,408.067,8.25,4984,120,8.17,8.36,1973
180212_Poo_TruePoo_Full2,Co-enzyme A,Crotonyl CoA,834.277,408.067,8.26,1968,103,8.18,8.37,923
180212_Poo_TruePoo_Full3,Co-enzyme A,Crotonyl CoA,834.277,408.067,8.25,4612,24,8.19,8.37,1769
180212_Poo_TruePoo_Half1,Co-enzyme A,Crotonyl CoA,834.277,408.067,8.27,2880,0,8.17,8.36,1206
180212_Poo_TruePoo_Half2,Co-enzyme A,Crotonyl CoA,834.277,408.067,8.24,2189,20,8.19,8.37,1250
180212_Poo_TruePoo_Half3,Co-enzyme A,Crotonyl CoA,834.277,408.067,8.25,2837,0,8.21,8.36,1659
180212_Smp_L1C32DCMless10m_A,Co-enzyme A,Crotonyl CoA,834.277,408.067,8.23,3,5,8.21,8.24,7
180212_Smp_L1C32DCMless10m_B,Co-enzyme A,Crotonyl CoA,834.277,408.067,8.23,324,19,8.2,8.26,279
180212_Smp_L1C32DCMless10m_C,Co-enzyme A,Crotonyl CoA,834.277,408.067,8.23,9,0,8.21,8.24,11
180212_Smp_L1C32DCMless20m_A,Co-enzyme A,Crotonyl CoA,834.277,408.067,8.23,213,3,8.21,8.26,179
180212_Smp_L1C32DCMless20m_B,Co-enzyme A,Crotonyl CoA,834.277,408.067,8.24,18,8,8.21,8.25,18
180212_Smp_L1C32DCMless20m_C,Co-enzyme A,Crotonyl CoA,834.277,408.067,8.24,191,0,8.22,8.25,238
180212_Smp_L1C33DCM_A,Co-enzyme A,Crotonyl CoA,834.277,408.067,8.22,30,2,8.21,8.24,55
180212_Smp_L1C33DCM_B,Co-enzyme A,Crotonyl CoA,834.277,408.067,8.23,25,8,8.21,8.25,23
180212_Smp_L1C33DCM_C,Co-enzyme A,Crotonyl CoA,834.277,408.067,8.24,116,0,8.22,8.27,155
180212_Smp_L1C33DCMplus10m_A,Co-enzyme A,Crotonyl CoA,834.277,408.067,8.24,10,0,8.22,8.24,18
180212_Smp_L1C33DCMplus10m_B,Co-enzyme A,Crotonyl CoA,834.277,408.067,8.22,3,3,8.22,8.26,3
180212_Smp_L1C33DCMplus10m_C,Co-enzyme A,Crotonyl CoA,834.277,408.067,8.24,40,20,8.21,8.25,87
180212_Smp_L1C33DCMplus20m_A,Co-enzyme A,Crotonyl CoA,834.277,408.067,8.21,76,21,8.2,8.28,136
180212_Smp_L1C33DCMplus20m_B,Co-enzyme A,Crotonyl CoA,834.277,408.067,8.22,5,0,8.21,8.24,6
180212_Smp_L1C33DCMplus20m_C,Co-enzyme A,Crotonyl CoA,834.277,408.067,8.23,214,29,8.22,8.27,438
180212_Smp_L2C1DCMless10m_A,Co-enzyme A,Crotonyl CoA,834.277,408.067,8.25,30,1,8.22,8.27,62
180212_Smp_L2C1DCMless10m_B,Co-enzyme A,Crotonyl CoA,834.277,408.067,8.23,195,0,8.21,8.24,469
180212_Smp_L2C1DCMless10m_C,Co-enzyme A,Crotonyl CoA,834.277,408.067,8.24,41,0,8.2,8.26,37
180212_Smp_L2C1DCMless20m_A,Co-enzyme A,Crotonyl CoA,834.277,408.067,8.8,320,1,8.79,8.82,528
180212_Smp_L2C1DCMless20m_B,Co-enzyme A,Crotonyl CoA,834.277,408.067,8.25,14,0,8.2,8.25,10
180212_Smp_L2C1DCMless20m_C,Co-enzyme A,Crotonyl CoA,834.277,408.067,8.26,15,0,8.21,8.28,12
180212_Smp_L2C2DCM_A,Co-enzyme A,Crotonyl CoA,834.277,408.067,8.24,19,4,8.19,8.25,13
180212_Smp_L2C2DCM_B,Co-enzyme A,Crotonyl CoA,834.277,408.067,8.22,180,9,8.2,8.25,317
180212_Smp_L2C2DCM_C,Co-enzyme A,Crotonyl CoA,834.277,408.067,8.23,37,13,8.19,8.23,98
180212_Smp_L2C2DCMplus10m_A,Co-enzyme A,Crotonyl CoA,834.277,408.067,8.24,72,7,8.22,8.26,108
180212_Smp_L2C2DCMplus10m_B,Co-enzyme A,Crotonyl CoA,834.277,408.067,8.22,22,0,8.21,8.24,27
180212_Smp_L2C2DCMplus10m_C,Co-enzyme A,Crotonyl CoA,834.277,408.067,8.24,73,1,8.22,8.26,139
180212_Smp_L2C2DCMplus20m_A,Co-enzyme A,Crotonyl CoA,834.277,408.067,8.24,40,5,8.22,8.27,56
180212_Smp_L2C2DCMplus20m_B,Co-enzyme A,Crotonyl CoA,834.277,408.067,8.2,19,0,8.19,8.24,11
180212_Smp_L2C2DCMplus20m_C,Co-enzyme A,Crotonyl CoA,834.277,408.067,8.24,3,0,8.23,8.24,5
180212_Std_4uMhilicMix4_1,Co-enzyme A,Crotonyl CoA,834.277,158.9767,8.22,3870220,44753,8.18,8.34,1228427
180212_Std_4uMhilicMix4_2,Co-enzyme A,Crotonyl CoA,834.277,158.9767,8.24,3926994,29700,8.2,8.38,1014572
180212_Blk_MQBlk_1,Co-enzyme A,Crotonyl CoA,834.277,158.9767,8.25,261,0,8.21,8.28,280
180212_Blk_MQBlk_2,Co-enzyme A,Crotonyl CoA,834.277,158.9767,8.24,18,0,8.22,8.26,40
180212_Blk_MQBlk_3,Co-enzyme A,Crotonyl CoA,834.277,158.9767,8.24,3,2,8.22,8.25,5
180212_Blk_SWBlk_1,Co-enzyme A,Crotonyl CoA,834.277,158.9767,8.23,65,13,8.21,8.24,162
180212_Blk_SWBlk_2,Co-enzyme A,Crotonyl CoA,834.277,158.9767,8.21,24,0,8.18,8.24,18
180212_Blk_SWBlk_3,Co-enzyme A,Crotonyl CoA,834.277,158.9767,8.21,15,0,8.2,8.26,10
180212_Poo_TruePoo_Full1,Co-enzyme A,Crotonyl CoA,834.277,158.9767,8.23,3832,21,8.17,8.36,1675
180212_Poo_TruePoo_Full2,Co-enzyme A,Crotonyl CoA,834.277,158.9767,8.23,1480,0,8.18,8.37,533
180212_Poo_TruePoo_Full3,Co-enzyme A,Crotonyl CoA,834.277,158.9767,8.23,2999,28,8.19,8.37,1138
180212_Poo_TruePoo_Half1,Co-enzyme A,Crotonyl CoA,834.277,158.9767,8.24,1799,19,8.17,8.36,864
180212_Poo_TruePoo_Half2,Co-enzyme A,Crotonyl CoA,834.277,158.9767,8.23,2003,18,8.19,8.37,930
180212_Poo_TruePoo_Half3,Co-enzyme A,Crotonyl CoA,834.277,158.9767,8.23,1450,25,8.21,8.36,805
180212_Smp_L1C32DCMless10m_A,Co-enzyme A,Crotonyl CoA,834.277,158.9767,8.22,21,5,8.21,8.24,22
180212_Smp_L1C32DCMless10m_B,Co-enzyme A,Crotonyl CoA,834.277,158.9767,8.22,128,0,8.2,8.26,136
180212_Smp_L1C32DCMless10m_C,Co-enzyme A,Crotonyl CoA,834.277,158.9767,8.24,177,6,8.21,8.24,251
180212_Smp_L1C32DCMless20m_A,Co-enzyme A,Crotonyl CoA,834.277,158.9767,8.22,10,6,8.21,8.26,9
180212_Smp_L1C32DCMless20m_B,Co-enzyme A,Crotonyl CoA,834.277,158.9767,8.23,231,0,8.21,8.25,341
180212_Smp_L1C32DCMless20m_C,Co-enzyme A,Crotonyl CoA,834.277,158.9767,8.23,54,19,8.22,8.25,180
180212_Smp_L1C33DCM_A,Co-enzyme A,Crotonyl CoA,834.277,158.9767,8.22,84,0,8.21,8.24,108
180212_Smp_L1C33DCM_B,Co-enzyme A,Crotonyl CoA,834.277,158.9767,8.23,125,3,8.21,8.25,223
180212_Smp_L1C33DCM_C,Co-enzyme A,Crotonyl CoA,834.277,158.9767,8.23,78,0,8.22,8.27,93
180212_Smp_L1C33DCMplus10m_A,Co-enzyme A,Crotonyl CoA,834.277,158.9767,8.22,2,1,8.22,8.24,4
180212_Smp_L1C33DCMplus10m_B,Co-enzyme A,Crotonyl CoA,834.277,158.9767,8.24,60,0,8.22,8.26,95
180212_Smp_L1C33DCMplus10m_C,Co-enzyme A,Crotonyl CoA,834.277,158.9767,8.23,276,0,8.21,8.25,455
180212_Smp_L1C33DCMplus20m_A,Co-enzyme A,Crotonyl CoA,834.277,158.9767,8.24,182,0,8.2,8.28,142
180212_Smp_L1C33DCMplus20m_B,Co-enzyme A,Crotonyl CoA,834.277,158.9767,8.22,23,2,8.21,8.24,47
180212_Smp_L1C33DCMplus20m_C,Co-enzyme A,Crotonyl CoA,834.277,158.9767,8.23,43,2,8.22,8.27,81
180212_Smp_L2C1DCMless10m_A,Co-enzyme A,Crotonyl CoA,834.277,158.9767,8.23,23,0,8.22,8.27,24
180212_Smp_L2C1DCMless10m_B,Co-enzyme A,Crotonyl CoA,834.277,158.9767,8.23,20,1,8.21,8.24,43
180212_Smp_L2C1DCMless10m_C,Co-enzyme A,Crotonyl CoA,834.277,158.9767,8.23,105,11,8.2,8.26,195
180212_Smp_L2C1DCMless20m_A,Co-enzyme A,Crotonyl CoA,834.277,158.9767,8.79,1,4,8.79,8.82,6
180212_Smp_L2C1DCMless20m_B,Co-enzyme A,Crotonyl CoA,834.277,158.9767,8.24,32,16,8.2,8.25,0
180212_Smp_L2C1DCMless20m_C,Co-enzyme A,Crotonyl CoA,834.277,158.9767,8.23,35,0,8.21,8.28,13
180212_Smp_L2C2DCM_A,Co-enzyme A,Crotonyl CoA,834.277,158.9767,8.25,24,16,8.19,8.25,18
180212_Smp_L2C2DCM_B,Co-enzyme A,Crotonyl CoA,834.277,158.9767,8.23,67,0,8.2,8.25,93
180212_Smp_L2C2DCM_C,Co-enzyme A,Crotonyl CoA,834.277,158.9767,8.22,42,0,8.19,8.23,74
180212_Smp_L2C2DCMplus10m_A,Co-enzyme A,Crotonyl CoA,834.277,158.9767,8.24,17,5,8.22,8.26,21
180212_Smp_L2C2DCMplus10m_B,Co-enzyme A,Crotonyl CoA,834.277,158.9767,8.21,8,6,8.21,8.24,7
180212_Smp_L2C2DCMplus10m_C,Co-enzyme A,Crotonyl CoA,834.277,158.9767,8.23,217,0,8.22,8.26,470
180212_Smp_L2C2DCMplus20m_A,Co-enzyme A,Crotonyl CoA,834.277,158.9767,8.24,209,4,8.22,8.27,257
180212_Smp_L2C2DCMplus20m_B,Co-enzyme A,Crotonyl CoA,834.277,158.9767,8.19,77,32,8.19,8.24,425
180212_Smp_L2C2DCMplus20m_C,Co-enzyme A,Crotonyl CoA,834.277,158.9767,8.23,2,0,8.23,8.24,5
180212_Std_4uMhilicMix4_1,Co-enzyme A,Hydroxybutyryl CoA,852.1043,425.8855,5.81,2804994,22123,5.76,5.89,1096751
180212_Std_4uMhilicMix4_2,Co-enzyme A,Hydroxybutyryl CoA,852.1043,425.8855,5.83,3155732,52021,5.79,5.92,1162935
180212_Blk_MQBlk_1,Co-enzyme A,Hydroxybutyryl CoA,852.1043,425.8855,5.83,16,0,5.81,5.87,6
180212_Blk_MQBlk_2,Co-enzyme A,Hydroxybutyryl CoA,852.1043,425.8855,5.83,4,0,5.81,5.84,6
180212_Blk_MQBlk_3,Co-enzyme A,Hydroxybutyryl CoA,852.1043,425.8855,5.82,7,2,5.76,5.83,9
180212_Blk_SWBlk_1,Co-enzyme A,Hydroxybutyryl CoA,852.1043,425.8855,5.81,33,0,5.76,5.84,13
180212_Blk_SWBlk_2,Co-enzyme A,Hydroxybutyryl CoA,852.1043,425.8855,5.82,2,26,5.73,5.82,2
180212_Blk_SWBlk_3,Co-enzyme A,Hydroxybutyryl CoA,852.1043,425.8855,5.81,44,0,5.76,5.84,26
180212_Poo_TruePoo_Full1,Co-enzyme A,Hydroxybutyryl CoA,852.1043,425.8855,5.87,2814,0,5.8,5.96,649
180212_Poo_TruePoo_Full2,Co-enzyme A,Hydroxybutyryl CoA,852.1043,425.8855,5.83,1488,54,5.8,5.89,929
180212_Poo_TruePoo_Full3,Co-enzyme A,Hydroxybutyryl CoA,852.1043,425.8855,5.83,2394,3,5.79,5.88,1001
180212_Poo_TruePoo_Half1,Co-enzyme A,Hydroxybutyryl CoA,852.1043,425.8855,5.84,1239,25,5.8,5.88,849
180212_Poo_TruePoo_Half2,Co-enzyme A,Hydroxybutyryl CoA,852.1043,425.8855,5.83,715,50,5.78,5.89,394
180212_Poo_TruePoo_Half3,Co-enzyme A,Hydroxybutyryl CoA,852.1043,425.8855,5.84,395,0,5.81,5.88,197
180212_Smp_L1C32DCMless10m_A,Co-enzyme A,Hydroxybutyryl CoA,852.1043,425.8855,5.79,100,33,5.74,5.84,57
180212_Smp_L1C32DCMless10m_B,Co-enzyme A,Hydroxybutyryl CoA,852.1043,425.8855,5.85,180,18,5.81,5.86,162
180212_Smp_L1C32DCMless10m_C,Co-enzyme A,Hydroxybutyryl CoA,852.1043,425.8855,5.83,1932,20,5.79,5.88,1242
180212_Smp_L1C32DCMless20m_A,Co-enzyme A,Hydroxybutyryl CoA,852.1043,425.8855,5.81,70,1,5.78,5.88,50
180212_Smp_L1C32DCMless20m_B,Co-enzyme A,Hydroxybutyryl CoA,852.1043,425.8855,5.84,1096,30,5.77,5.92,704
180212_Smp_L1C32DCMless20m_C,Co-enzyme A,Hydroxybutyryl CoA,852.1043,425.8855,5.84,1534,6,5.79,5.87,663
180212_Smp_L1C33DCM_A,Co-enzyme A,Hydroxybutyryl CoA,852.1043,425.8855,5.83,1504,12,5.79,5.88,775
180212_Smp_L1C33DCM_B,Co-enzyme A,Hydroxybutyryl CoA,852.1043,425.8855,5.84,775,3,5.79,5.86,496
180212_Smp_L1C33DCM_C,Co-enzyme A,Hydroxybutyryl CoA,852.1043,425.8855,5.84,752,31,5.78,5.86,348
180212_Smp_L1C33DCMplus10m_A,Co-enzyme A,Hydroxybutyryl CoA,852.1043,425.8855,5.86,152,19,5.81,5.88,139
180212_Smp_L1C33DCMplus10m_B,Co-enzyme A,Hydroxybutyryl CoA,852.1043,425.8855,5.84,425,30,5.81,5.87,323
180212_Smp_L1C33DCMplus10m_C,Co-enzyme A,Hydroxybutyryl CoA,852.1043,425.8855,5.84,121,54,5.76,5.87,103
180212_Smp_L1C33DCMplus20m_A,Co-enzyme A,Hydroxybutyryl CoA,852.1043,425.8855,5.83,15,19,5.8,5.86,11
180212_Smp_L1C33DCMplus20m_B,Co-enzyme A,Hydroxybutyryl CoA,852.1043,425.8855,5.85,622,4,5.81,5.9,315
180212_Smp_L1C33DCMplus20m_C,Co-enzyme A,Hydroxybutyryl CoA,852.1043,425.8855,5.84,1327,43,5.8,5.9,868
180212_Smp_L2C1DCMless10m_A,Co-enzyme A,Hydroxybutyryl CoA,852.1043,425.8855,5.8,124,69,5.8,5.92,153
180212_Smp_L2C1DCMless10m_B,Co-enzyme A,Hydroxybutyryl CoA,852.1043,425.8855,5.85,62,7,5.78,5.86,38
180212_Smp_L2C1DCMless10m_C,Co-enzyme A,Hydroxybutyryl CoA,852.1043,425.8855,5.83,776,15,5.78,5.89,508
180212_Smp_L2C1DCMless20m_A,Co-enzyme A,Hydroxybutyryl CoA,852.1043,425.8855,5.87,707,5,5.82,5.96,305
180212_Smp_L2C1DCMless20m_B,Co-enzyme A,Hydroxybutyryl CoA,852.1043,425.8855,5.86,643,65,5.79,5.9,431
180212_Smp_L2C1DCMless20m_C,Co-enzyme A,Hydroxybutyryl CoA,852.1043,425.8855,5.84,130,23,5.81,5.94,97
180212_Smp_L2C2DCM_A,Co-enzyme A,Hydroxybutyryl CoA,852.1043,425.8855,5.85,1619,0,5.75,6.01,499
180212_Smp_L2C2DCM_B,Co-enzyme A,Hydroxybutyryl CoA,852.1043,425.8855,5.78,13,0,5.78,5.82,8
180212_Smp_L2C2DCM_C,Co-enzyme A,Hydroxybutyryl CoA,852.1043,425.8855,5.84,462,23,5.8,5.89,358
180212_Smp_L2C2DCMplus10m_A,Co-enzyme A,Hydroxybutyryl CoA,852.1043,425.8855,5.84,383,60,5.77,5.86,259
180212_Smp_L2C2DCMplus10m_B,Co-enzyme A,Hydroxybutyryl CoA,852.1043,425.8855,5.83,483,25,5.8,5.89,179
180212_Smp_L2C2DCMplus10m_C,Co-enzyme A,Hydroxybutyryl CoA,852.1043,425.8855,5.84,1695,26,5.8,5.88,838
180212_Smp_L2C2DCMplus20m_A,Co-enzyme A,Hydroxybutyryl CoA,852.1043,425.8855,5.83,901,18,5.8,5.9,611
180212_Smp_L2C2DCMplus20m_B,Co-enzyme A,Hydroxybutyryl CoA,852.1043,425.8855,5.84,352,0,5.8,5.89,236
180212_Smp_L2C2DCMplus20m_C,Co-enzyme A,Hydroxybutyryl CoA,852.1043,425.8855,5.84,36,2,5.81,5.84,37
180212_Std_4uMhilicMix4_1,Co-enzyme A,Hydroxybutyryl CoA,852.1043,158.902,5.81,3599416,35472,5.76,5.89,1394148
180212_Std_4uMhilicMix4_2,Co-enzyme A,Hydroxybutyryl CoA,852.1043,158.902,5.83,4325047,62669,5.79,5.92,1547240
180212_Blk_MQBlk_1,Co-enzyme A,Hydroxybutyryl CoA,852.1043,158.902,5.81,0,0,5.81,5.87,0
180212_Blk_MQBlk_2,Co-enzyme A,Hydroxybutyryl CoA,852.1043,158.902,5.82,5,0,5.81,5.84,5
180212_Blk_MQBlk_3,Co-enzyme A,Hydroxybutyryl CoA,852.1043,158.902,5.81,38,0,5.76,5.83,24
180212_Blk_SWBlk_1,Co-enzyme A,Hydroxybutyryl CoA,852.1043,158.902,5.79,25,23,5.76,5.84,13
180212_Blk_SWBlk_2,Co-enzyme A,Hydroxybutyryl CoA,852.1043,158.902,5.78,56,2,5.73,5.82,21
180212_Blk_SWBlk_3,Co-enzyme A,Hydroxybutyryl CoA,852.1043,158.902,5.76,0,25,5.76,5.84,0
180212_Poo_TruePoo_Full1,Co-enzyme A,Hydroxybutyryl CoA,852.1043,158.902,5.84,2935,25,5.8,5.96,820
180212_Poo_TruePoo_Full2,Co-enzyme A,Hydroxybutyryl CoA,852.1043,158.902,5.87,1840,20,5.8,5.89,931
180212_Poo_TruePoo_Full3,Co-enzyme A,Hydroxybutyryl CoA,852.1043,158.902,5.84,3508,27,5.79,5.88,1977
180212_Poo_TruePoo_Half1,Co-enzyme A,Hydroxybutyryl CoA,852.1043,158.902,5.83,2088,13,5.8,5.88,887
180212_Poo_TruePoo_Half2,Co-enzyme A,Hydroxybutyryl CoA,852.1043,158.902,5.83,2771,0,5.78,5.89,1391
180212_Poo_TruePoo_Half3,Co-enzyme A,Hydroxybutyryl CoA,852.1043,158.902,5.84,2638,0,5.81,5.88,1454
180212_Smp_L1C32DCMless10m_A,Co-enzyme A,Hydroxybutyryl CoA,852.1043,158.902,5.83,1266,27,5.74,5.84,786
180212_Smp_L1C32DCMless10m_B,Co-enzyme A,Hydroxybutyryl CoA,852.1043,158.902,5.83,1792,1,5.81,5.86,884
180212_Smp_L1C32DCMless10m_C,Co-enzyme A,Hydroxybutyryl CoA,852.1043,158.902,5.86,1258,18,5.79,5.88,604
180212_Smp_L1C32DCMless20m_A,Co-enzyme A,Hydroxybutyryl CoA,852.1043,158.902,5.81,1242,44,5.78,5.88,395
180212_Smp_L1C32DCMless20m_B,Co-enzyme A,Hydroxybutyryl CoA,852.1043,158.902,5.83,4017,24,5.77,5.92,1595
180212_Smp_L1C32DCMless20m_C,Co-enzyme A,Hydroxybutyryl CoA,852.1043,158.902,5.84,1248,14,5.79,5.87,705
180212_Smp_L1C33DCM_A,Co-enzyme A,Hydroxybutyryl CoA,852.1043,158.902,5.82,1401,1,5.79,5.88,609
180212_Smp_L1C33DCM_B,Co-enzyme A,Hydroxybutyryl CoA,852.1043,158.902,5.85,1191,21,5.79,5.86,604
180212_Smp_L1C33DCM_C,Co-enzyme A,Hydroxybutyryl CoA,852.1043,158.902,5.84,1183,27,5.78,5.86,597
180212_Smp_L1C33DCMplus10m_A,Co-enzyme A,Hydroxybutyryl CoA,852.1043,158.902,5.85,131,7,5.81,5.88,119
180212_Smp_L1C33DCMplus10m_B,Co-enzyme A,Hydroxybutyryl CoA,852.1043,158.902,5.84,2425,24,5.81,5.87,1066
180212_Smp_L1C33DCMplus10m_C,Co-enzyme A,Hydroxybutyryl CoA,852.1043,158.902,5.83,2285,19,5.76,5.87,1080
180212_Smp_L1C33DCMplus20m_A,Co-enzyme A,Hydroxybutyryl CoA,852.1043,158.902,5.83,288,20,5.8,5.86,148
180212_Smp_L1C33DCMplus20m_B,Co-enzyme A,Hydroxybutyryl CoA,852.1043,158.902,5.85,1108,0,5.81,5.9,452
180212_Smp_L1C33DCMplus20m_C,Co-enzyme A,Hydroxybutyryl CoA,852.1043,158.902,5.85,867,58,5.8,5.9,584
180212_Smp_L2C1DCMless10m_A,Co-enzyme A,Hydroxybutyryl CoA,852.1043,158.902,5.84,2277,15,5.8,5.92,935
180212_Smp_L2C1DCMless10m_B,Co-enzyme A,Hydroxybutyryl CoA,852.1043,158.902,5.83,972,26,5.78,5.86,394
180212_Smp_L2C1DCMless10m_C,Co-enzyme A,Hydroxybutyryl CoA,852.1043,158.902,5.83,1834,0,5.78,5.89,880
180212_Smp_L2C1DCMless20m_A,Co-enzyme A,Hydroxybutyryl CoA,852.1043,158.902,5.84,862,2,5.82,5.96,496
180212_Smp_L2C1DCMless20m_B,Co-enzyme A,Hydroxybutyryl CoA,852.1043,158.902,5.89,706,35,5.79,5.9,271
180212_Smp_L2C1DCMless20m_C,Co-enzyme A,Hydroxybutyryl CoA,852.1043,158.902,5.87,1752,0,5.81,5.94,771
180212_Smp_L2C2DCM_A,Co-enzyme A,Hydroxybutyryl CoA,852.1043,158.902,5.86,2993,10,5.75,6.01,574
180212_Smp_L2C2DCM_B,Co-enzyme A,Hydroxybutyryl CoA,852.1043,158.902,5.8,259,6,5.78,5.82,232
180212_Smp_L2C2DCM_C,Co-enzyme A,Hydroxybutyryl CoA,852.1043,158.902,5.84,511,12,5.8,5.89,264
180212_Smp_L2C2DCMplus10m_A,Co-enzyme A,Hydroxybutyryl CoA,852.1043,158.902,5.83,518,10,5.77,5.86,242
180212_Smp_L2C2DCMplus10m_B,Co-enzyme A,Hydroxybutyryl CoA,852.1043,158.902,5.83,1008,0,5.8,5.89,583
180212_Smp_L2C2DCMplus10m_C,Co-enzyme A,Hydroxybutyryl CoA,852.1043,158.902,5.84,1474,34,5.8,5.88,663
180212_Smp_L2C2DCMplus20m_A,Co-enzyme A,Hydroxybutyryl CoA,852.1043,158.902,5.83,586,39,5.8,5.9,310
180212_Smp_L2C2DCMplus20m_B,Co-enzyme A,Hydroxybutyryl CoA,852.1043,158.902,5.84,1130,37,5.8,5.89,626
180212_Smp_L2C2DCMplus20m_C,Co-enzyme A,Hydroxybutyryl CoA,852.1043,158.902,5.83,673,2,5.81,5.84,525
180212_Std_4uMhilicMix4_1,Co-enzyme A,Malonyl CoA,852.1053,808.0725,2.76,3929229,36900,2.7,2.84,1531779
180212_Std_4uMhilicMix4_2,Co-enzyme A,Malonyl CoA,852.1053,808.0725,2.78,6291893,59458,2.73,2.87,2462945
180212_Blk_MQBlk_1,Co-enzyme A,Malonyl CoA,852.1053,808.0725,2.8,764,23,2.76,2.84,376
180212_Blk_MQBlk_2,Co-enzyme A,Malonyl CoA,852.1053,808.0725,2.78,623,8,2.72,2.81,298
180212_Blk_MQBlk_3,Co-enzyme A,Malonyl CoA,852.1053,808.0725,2.75,83,6,2.72,2.8,55
180212_Blk_SWBlk_1,Co-enzyme A,Malonyl CoA,852.1053,808.0725,2.82,1139,23,2.77,2.84,452
180212_Blk_SWBlk_2,Co-enzyme A,Malonyl CoA,852.1053,808.0725,2.78,442,0,2.76,2.83,299
180212_Blk_SWBlk_3,Co-enzyme A,Malonyl CoA,852.1053,808.0725,2.77,1426,27,2.73,2.81,618
180212_Poo_TruePoo_Full1,Co-enzyme A,Malonyl CoA,852.1053,808.0725,2.95,11715,75,2.9,3.02,4235
180212_Poo_TruePoo_Full2,Co-enzyme A,Malonyl CoA,852.1053,808.0725,2.93,7139,52,2.89,3.02,2537
180212_Poo_TruePoo_Full3,Co-enzyme A,Malonyl CoA,852.1053,808.0725,2.96,9884,88,2.91,3.03,3098
180212_Poo_TruePoo_Half1,Co-enzyme A,Malonyl CoA,852.1053,808.0725,2.94,12327,19,2.89,3.02,4393
180212_Poo_TruePoo_Half2,Co-enzyme A,Malonyl CoA,852.1053,808.0725,2.93,10669,215,2.89,3,5869
180212_Poo_TruePoo_Half3,Co-enzyme A,Malonyl CoA,852.1053,808.0725,2.94,12310,124,2.89,3.03,4586
180212_Smp_L1C32DCMless10m_A,Co-enzyme A,Malonyl CoA,852.1053,808.0725,2.95,4378,109,2.89,2.99,1689
180212_Smp_L1C32DCMless10m_B,Co-enzyme A,Malonyl CoA,852.1053,808.0725,2.96,5406,487,2.9,3.02,1561
180212_Smp_L1C32DCMless10m_C,Co-enzyme A,Malonyl CoA,852.1053,808.0725,2.94,5267,1022,2.87,3.02,2525
180212_Smp_L1C32DCMless20m_A,Co-enzyme A,Malonyl CoA,852.1053,808.0725,2.94,4337,191,2.89,3.11,1364
180212_Smp_L1C32DCMless20m_B,Co-enzyme A,Malonyl CoA,852.1053,808.0725,2.96,4781,141,2.83,3.02,1791
180212_Smp_L1C32DCMless20m_C,Co-enzyme A,Malonyl CoA,852.1053,808.0725,2.94,6896,421,2.86,3.02,2184
180212_Smp_L1C33DCM_A,Co-enzyme A,Malonyl CoA,852.1053,808.0725,2.93,5771,449,2.91,3.02,2565
180212_Smp_L1C33DCM_B,Co-enzyme A,Malonyl CoA,852.1053,808.0725,2.94,7182,310,2.88,3.02,2761
180212_Smp_L1C33DCM_C,Co-enzyme A,Malonyl CoA,852.1053,808.0725,2.95,4924,46,2.89,3.09,1723
180212_Smp_L1C33DCMplus10m_A,Co-enzyme A,Malonyl CoA,852.1053,808.0725,3,3619,13,2.92,3.07,988
180212_Smp_L1C33DCMplus10m_B,Co-enzyme A,Malonyl CoA,852.1053,808.0725,2.95,3861,749,2.9,3.04,1544
180212_Smp_L1C33DCMplus10m_C,Co-enzyme A,Malonyl CoA,852.1053,808.0725,2.94,6590,444,2.86,3.02,2703
180212_Smp_L1C33DCMplus20m_A,Co-enzyme A,Malonyl CoA,852.1053,808.0725,2.94,3871,573,2.89,3.05,1537
180212_Smp_L1C33DCMplus20m_B,Co-enzyme A,Malonyl CoA,852.1053,808.0725,2.95,4640,856,2.89,3.04,1892
180212_Smp_L1C33DCMplus20m_C,Co-enzyme A,Malonyl CoA,852.1053,808.0725,2.96,5989,204,2.9,3.06,2151
180212_Smp_L2C1DCMless10m_A,Co-enzyme A,Malonyl CoA,852.1053,808.0725,2.95,5750,199,2.89,3.04,3095
180212_Smp_L2C1DCMless10m_B,Co-enzyme A,Malonyl CoA,852.1053,808.0725,2.94,5125,1419,2.87,3.06,2807
180212_Smp_L2C1DCMless10m_C,Co-enzyme A,Malonyl CoA,852.1053,808.0725,2.95,5530,385,2.86,3.06,2773
180212_Smp_L2C1DCMless20m_A,Co-enzyme A,Malonyl CoA,852.1053,808.0725,2.96,5810,42,2.88,3.06,2388
180212_Smp_L2C1DCMless20m_B,Co-enzyme A,Malonyl CoA,852.1053,808.0725,2.94,7041,807,2.87,3.02,3349
180212_Smp_L2C1DCMless20m_C,Co-enzyme A,Malonyl CoA,852.1053,808.0725,2.94,4629,1109,2.87,3.03,1297
180212_Smp_L2C2DCM_A,Co-enzyme A,Malonyl CoA,852.1053,808.0725,2.95,2320,843,2.86,3.02,695
180212_Smp_L2C2DCM_B,Co-enzyme A,Malonyl CoA,852.1053,808.0725,2.94,5408,1064,2.9,3.07,2228
180212_Smp_L2C2DCM_C,Co-enzyme A,Malonyl CoA,852.1053,808.0725,2.94,5289,39,2.88,3.04,1417
180212_Smp_L2C2DCMplus10m_A,Co-enzyme A,Malonyl CoA,852.1053,808.0725,2.94,5091,602,2.86,3,2252
180212_Smp_L2C2DCMplus10m_B,Co-enzyme A,Malonyl CoA,852.1053,808.0725,2.93,5653,1014,2.87,3.03,1475
180212_Smp_L2C2DCMplus10m_C,Co-enzyme A,Malonyl CoA,852.1053,808.0725,2.95,4155,121,2.88,3.02,1740
180212_Smp_L2C2DCMplus20m_A,Co-enzyme A,Malonyl CoA,852.1053,808.0725,2.94,3182,60,2.9,3.02,1181
180212_Smp_L2C2DCMplus20m_B,Co-enzyme A,Malonyl CoA,852.1053,808.0725,2.96,3889,495,2.9,3.02,1882
180212_Smp_L2C2DCMplus20m_C,Co-enzyme A,Malonyl CoA,852.1053,808.0725,2.94,3893,273,2.87,3.04,1716
180212_Std_4uMhilicMix4_1,Co-enzyme A,Malonyl CoA,852.1053,408.0135,2.76,1878338,16199,2.7,2.84,722121
180212_Std_4uMhilicMix4_2,Co-enzyme A,Malonyl CoA,852.1053,408.0135,2.79,3176789,18298,2.73,2.87,1211401
180212_Blk_MQBlk_1,Co-enzyme A,Malonyl CoA,852.1053,408.0135,2.77,37,0,2.76,2.84,19
180212_Blk_MQBlk_2,Co-enzyme A,Malonyl CoA,852.1053,408.0135,2.81,10,24,2.72,2.81,12
180212_Blk_MQBlk_3,Co-enzyme A,Malonyl CoA,852.1053,408.0135,2.72,2,14,2.72,2.8,5
180212_Blk_SWBlk_1,Co-enzyme A,Malonyl CoA,852.1053,408.0135,2.81,34,4,2.77,2.84,18
180212_Blk_SWBlk_2,Co-enzyme A,Malonyl CoA,852.1053,408.0135,2.81,11,12,2.76,2.83,8
180212_Blk_SWBlk_3,Co-enzyme A,Malonyl CoA,852.1053,408.0135,2.76,8,26,2.73,2.81,5
180212_Poo_TruePoo_Full1,Co-enzyme A,Malonyl CoA,852.1053,408.0135,2.95,6657,20,2.9,3.02,2443
180212_Poo_TruePoo_Full2,Co-enzyme A,Malonyl CoA,852.1053,408.0135,2.94,3193,7,2.89,3.02,1553
180212_Poo_TruePoo_Full3,Co-enzyme A,Malonyl CoA,852.1053,408.0135,2.95,6424,50,2.91,3.03,3215
180212_Poo_TruePoo_Half1,Co-enzyme A,Malonyl CoA,852.1053,408.0135,2.93,5501,26,2.89,3.02,2555
180212_Poo_TruePoo_Half2,Co-enzyme A,Malonyl CoA,852.1053,408.0135,2.93,4046,0,2.89,3,1903
180212_Poo_TruePoo_Half3,Co-enzyme A,Malonyl CoA,852.1053,408.0135,2.94,5054,42,2.89,3.03,2848
180212_Smp_L1C32DCMless10m_A,Co-enzyme A,Malonyl CoA,852.1053,408.0135,2.94,1492,65,2.89,2.99,747
180212_Smp_L1C32DCMless10m_B,Co-enzyme A,Malonyl CoA,852.1053,408.0135,2.95,2105,20,2.9,3.02,1361
180212_Smp_L1C32DCMless10m_C,Co-enzyme A,Malonyl CoA,852.1053,408.0135,2.94,3201,100,2.87,3.02,2132
180212_Smp_L1C32DCMless20m_A,Co-enzyme A,Malonyl CoA,852.1053,408.0135,2.95,1663,68,2.89,3.11,1004
180212_Smp_L1C32DCMless20m_B,Co-enzyme A,Malonyl CoA,852.1053,408.0135,2.93,2319,13,2.83,3.02,1009
180212_Smp_L1C32DCMless20m_C,Co-enzyme A,Malonyl CoA,852.1053,408.0135,2.95,1717,43,2.86,3.02,861
180212_Smp_L1C33DCM_A,Co-enzyme A,Malonyl CoA,852.1053,408.0135,2.94,1662,38,2.91,3.02,847
180212_Smp_L1C33DCM_B,Co-enzyme A,Malonyl CoA,852.1053,408.0135,2.95,2431,31,2.88,3.02,1346
180212_Smp_L1C33DCM_C,Co-enzyme A,Malonyl CoA,852.1053,408.0135,2.95,2793,79,2.89,3.09,1164
180212_Smp_L1C33DCMplus10m_A,Co-enzyme A,Malonyl CoA,852.1053,408.0135,3,725,31,2.92,3.07,273
180212_Smp_L1C33DCMplus10m_B,Co-enzyme A,Malonyl CoA,852.1053,408.0135,2.94,1064,42,2.9,3.04,540
180212_Smp_L1C33DCMplus10m_C,Co-enzyme A,Malonyl CoA,852.1053,408.0135,2.96,3317,37,2.86,3.02,1859
180212_Smp_L1C33DCMplus20m_A,Co-enzyme A,Malonyl CoA,852.1053,408.0135,2.96,1235,26,2.89,3.05,553
180212_Smp_L1C33DCMplus20m_B,Co-enzyme A,Malonyl CoA,852.1053,408.0135,2.95,1881,26,2.89,3.04,851
180212_Smp_L1C33DCMplus20m_C,Co-enzyme A,Malonyl CoA,852.1053,408.0135,2.94,1460,33,2.9,3.06,919
180212_Smp_L2C1DCMless10m_A,Co-enzyme A,Malonyl CoA,852.1053,408.0135,2.95,1811,42,2.89,3.04,937
180212_Smp_L2C1DCMless10m_B,Co-enzyme A,Malonyl CoA,852.1053,408.0135,2.96,1797,11,2.87,3.06,795
180212_Smp_L2C1DCMless10m_C,Co-enzyme A,Malonyl CoA,852.1053,408.0135,2.96,1477,40,2.86,3.06,793
180212_Smp_L2C1DCMless20m_A,Co-enzyme A,Malonyl CoA,852.1053,408.0135,2.96,1966,52,2.88,3.06,1243
180212_Smp_L2C1DCMless20m_B,Co-enzyme A,Malonyl CoA,852.1053,408.0135,2.94,2675,21,2.87,3.02,1027
180212_Smp_L2C1DCMless20m_C,Co-enzyme A,Malonyl CoA,852.1053,408.0135,2.97,1163,56,2.87,3.03,476
180212_Smp_L2C2DCM_A,Co-enzyme A,Malonyl CoA,852.1053,408.0135,2.95,1585,53,2.86,3.02,902
180212_Smp_L2C2DCM_B,Co-enzyme A,Malonyl CoA,852.1053,408.0135,2.96,1910,14,2.9,3.07,838
180212_Smp_L2C2DCM_C,Co-enzyme A,Malonyl CoA,852.1053,408.0135,2.94,2465,33,2.88,3.04,1474
180212_Smp_L2C2DCMplus10m_A,Co-enzyme A,Malonyl CoA,852.1053,408.0135,2.94,960,34,2.86,3,520
180212_Smp_L2C2DCMplus10m_B,Co-enzyme A,Malonyl CoA,852.1053,408.0135,2.93,1049,33,2.87,3.03,500
180212_Smp_L2C2DCMplus10m_C,Co-enzyme A,Malonyl CoA,852.1053,408.0135,2.96,1307,0,2.88,3.02,536
180212_Smp_L2C2DCMplus20m_A,Co-enzyme A,Malonyl CoA,852.1053,408.0135,2.97,708,40,2.9,3.02,392
180212_Smp_L2C2DCMplus20m_B,Co-enzyme A,Malonyl CoA,852.1053,408.0135,2.95,2017,14,2.9,3.02,955
180212_Smp_L2C2DCMplus20m_C,Co-enzyme A,Malonyl CoA,852.1053,408.0135,2.96,537,58,2.87,3.04,286
180212_Std_4uMhilicMix4_1,Co-enzyme A,Methyl Malonyl CoA,866.1109,822.1345,3.79,8158231,43891,3.75,3.86,4003059
180212_Std_4uMhilicMix4_2,Co-enzyme A,Methyl Malonyl CoA,866.1109,822.1345,3.82,13728504,100152,3.77,3.88,7139667
180212_Blk_MQBlk_1,Co-enzyme A,Methyl Malonyl CoA,866.1109,822.1345,3.82,3476,291,3.79,3.89,1372
180212_Blk_MQBlk_2,Co-enzyme A,Methyl Malonyl CoA,866.1109,822.1345,3.8,11,0,3.79,3.83,7
180212_Blk_MQBlk_3,Co-enzyme A,Methyl Malonyl CoA,866.1109,822.1345,3.81,102,19,3.76,3.85,61
180212_Blk_SWBlk_1,Co-enzyme A,Methyl Malonyl CoA,866.1109,822.1345,3.78,378,0,3.75,3.83,357
180212_Blk_SWBlk_2,Co-enzyme A,Methyl Malonyl CoA,866.1109,822.1345,3.78,283,6,3.73,3.84,235
180212_Blk_SWBlk_3,Co-enzyme A,Methyl Malonyl CoA,866.1109,822.1345,3.82,207,5,3.78,3.89,165
180212_Poo_TruePoo_Full1,Co-enzyme A,Methyl Malonyl CoA,866.1109,822.1345,3.85,23765,47,3.82,3.93,8884
180212_Poo_TruePoo_Full2,Co-enzyme A,Methyl Malonyl CoA,866.1109,822.1345,3.84,11292,181,3.81,3.93,3986
180212_Poo_TruePoo_Full3,Co-enzyme A,Methyl Malonyl CoA,866.1109,822.1345,3.86,19072,218,3.8,3.93,8106
180212_Poo_TruePoo_Half1,Co-enzyme A,Methyl Malonyl CoA,866.1109,822.1345,3.85,17170,126,3.81,3.95,6589
180212_Poo_TruePoo_Half2,Co-enzyme A,Methyl Malonyl CoA,866.1109,822.1345,3.85,16465,54,3.78,3.93,6255
180212_Poo_TruePoo_Half3,Co-enzyme A,Methyl Malonyl CoA,866.1109,822.1345,3.85,16504,39,3.82,3.93,6477
180212_Smp_L1C32DCMless10m_A,Co-enzyme A,Methyl Malonyl CoA,866.1109,822.1345,3.85,9121,83,3.82,3.91,5373
180212_Smp_L1C32DCMless10m_B,Co-enzyme A,Methyl Malonyl CoA,866.1109,822.1345,3.85,7633,0,3.78,3.95,3315
180212_Smp_L1C32DCMless10m_C,Co-enzyme A,Methyl Malonyl CoA,866.1109,822.1345,3.85,9134,107,3.82,3.95,4727
180212_Smp_L1C32DCMless20m_A,Co-enzyme A,Methyl Malonyl CoA,866.1109,822.1345,3.86,6539,42,3.81,3.93,2728
180212_Smp_L1C32DCMless20m_B,Co-enzyme A,Methyl Malonyl CoA,866.1109,822.1345,3.86,9951,17,3.82,3.92,4401
180212_Smp_L1C32DCMless20m_C,Co-enzyme A,Methyl Malonyl CoA,866.1109,822.1345,3.86,12866,45,3.82,3.95,5305
180212_Smp_L1C33DCM_A,Co-enzyme A,Methyl Malonyl CoA,866.1109,822.1345,3.85,8292,26,3.79,3.92,3224
180212_Smp_L1C33DCM_B,Co-enzyme A,Methyl Malonyl CoA,866.1109,822.1345,3.85,9927,195,3.82,3.93,4527
180212_Smp_L1C33DCM_C,Co-enzyme A,Methyl Malonyl CoA,866.1109,822.1345,3.85,4829,0,3.8,3.93,1810
180212_Smp_L1C33DCMplus10m_A,Co-enzyme A,Methyl Malonyl CoA,866.1109,822.1345,3.87,7720,0,3.84,4.03,2146
180212_Smp_L1C33DCMplus10m_B,Co-enzyme A,Methyl Malonyl CoA,866.1109,822.1345,3.86,11063,10,3.77,3.98,5271
180212_Smp_L1C33DCMplus10m_C,Co-enzyme A,Methyl Malonyl CoA,866.1109,822.1345,3.85,6327,57,3.79,3.95,2310
180212_Smp_L1C33DCMplus20m_A,Co-enzyme A,Methyl Malonyl CoA,866.1109,822.1345,3.85,3797,34,3.82,3.95,1923
180212_Smp_L1C33DCMplus20m_B,Co-enzyme A,Methyl Malonyl CoA,866.1109,822.1345,3.86,6194,10,3.78,3.94,2374
180212_Smp_L1C33DCMplus20m_C,Co-enzyme A,Methyl Malonyl CoA,866.1109,822.1345,3.85,7270,109,3.78,3.95,3361
180212_Smp_L2C1DCMless10m_A,Co-enzyme A,Methyl Malonyl CoA,866.1109,822.1345,3.86,9835,0,3.77,3.95,4082
180212_Smp_L2C1DCMless10m_B,Co-enzyme A,Methyl Malonyl CoA,866.1109,822.1345,3.85,8159,592,3.79,3.93,4046
180212_Smp_L2C1DCMless10m_C,Co-enzyme A,Methyl Malonyl CoA,866.1109,822.1345,3.86,6794,4,3.81,3.93,3217
180212_Smp_L2C1DCMless20m_A,Co-enzyme A,Methyl Malonyl CoA,866.1109,822.1345,3.86,9427,298,3.78,3.95,4766
180212_Smp_L2C1DCMless20m_B,Co-enzyme A,Methyl Malonyl CoA,866.1109,822.1345,3.85,6497,0,3.79,3.96,2164
180212_Smp_L2C1DCMless20m_C,Co-enzyme A,Methyl Malonyl CoA,866.1109,822.1345,3.86,6587,71,3.78,3.93,2045
180212_Smp_L2C2DCM_A,Co-enzyme A,Methyl Malonyl CoA,866.1109,822.1345,3.86,3139,76,3.8,3.91,1408
180212_Smp_L2C2DCM_B,Co-enzyme A,Methyl Malonyl CoA,866.1109,822.1345,3.86,8759,39,3.8,3.91,3863
180212_Smp_L2C2DCM_C,Co-enzyme A,Methyl Malonyl CoA,866.1109,822.1345,3.87,9239,68,3.82,3.9,4456
180212_Smp_L2C2DCMplus10m_A,Co-enzyme A,Methyl Malonyl CoA,866.1109,822.1345,3.85,1744,78,3.8,3.9,835
180212_Smp_L2C2DCMplus10m_B,Co-enzyme A,Methyl Malonyl CoA,866.1109,822.1345,3.85,6428,0,3.77,3.95,2539
180212_Smp_L2C2DCMplus10m_C,Co-enzyme A,Methyl Malonyl CoA,866.1109,822.1345,3.85,7304,60,3.82,3.96,2139
180212_Smp_L2C2DCMplus20m_A,Co-enzyme A,Methyl Malonyl CoA,866.1109,822.1345,3.86,1567,71,3.81,3.91,880
180212_Smp_L2C2DCMplus20m_B,Co-enzyme A,Methyl Malonyl CoA,866.1109,822.1345,3.86,5899,0,3.82,3.91,3449
180212_Smp_L2C2DCMplus20m_C,Co-enzyme A,Methyl Malonyl CoA,866.1109,822.1345,3.85,6087,75,3.82,3.95,2338
180212_Std_4uMhilicMix4_1,Co-enzyme A,Methyl Malonyl CoA,866.1109,407.964,3.79,3526387,51485,3.75,3.86,1667039
180212_Std_4uMhilicMix4_2,Co-enzyme A,Methyl Malonyl CoA,866.1109,407.964,3.82,6291952,105697,3.77,3.88,3405936
180212_Blk_MQBlk_1,Co-enzyme A,Methyl Malonyl CoA,866.1109,407.964,3.83,774,0,3.79,3.89,280
180212_Blk_MQBlk_2,Co-enzyme A,Methyl Malonyl CoA,866.1109,407.964,3.83,9,16,3.79,3.83,7
180212_Blk_MQBlk_3,Co-enzyme A,Methyl Malonyl CoA,866.1109,407.964,3.8,8,0,3.76,3.85,6
180212_Blk_SWBlk_1,Co-enzyme A,Methyl Malonyl CoA,866.1109,407.964,3.78,3,13,3.75,3.83,5
180212_Blk_SWBlk_2,Co-enzyme A,Methyl Malonyl CoA,866.1109,407.964,3.77,69,0,3.73,3.84,18
180212_Blk_SWBlk_3,Co-enzyme A,Methyl Malonyl CoA,866.1109,407.964,3.8,29,0,3.78,3.89,7
180212_Poo_TruePoo_Full1,Co-enzyme A,Methyl Malonyl CoA,866.1109,407.964,3.87,9331,0,3.82,3.93,3371
180212_Poo_TruePoo_Full2,Co-enzyme A,Methyl Malonyl CoA,866.1109,407.964,3.85,6150,5,3.81,3.93,3210
180212_Poo_TruePoo_Full3,Co-enzyme A,Methyl Malonyl CoA,866.1109,407.964,3.86,9115,13,3.8,3.93,4833
180212_Poo_TruePoo_Half1,Co-enzyme A,Methyl Malonyl CoA,866.1109,407.964,3.86,6851,39,3.81,3.95,2192
180212_Poo_TruePoo_Half2,Co-enzyme A,Methyl Malonyl CoA,866.1109,407.964,3.86,5699,4,3.78,3.93,3016
180212_Poo_TruePoo_Half3,Co-enzyme A,Methyl Malonyl CoA,866.1109,407.964,3.85,5361,40,3.82,3.93,1980
180212_Smp_L1C32DCMless10m_A,Co-enzyme A,Methyl Malonyl CoA,866.1109,407.964,3.84,3130,66,3.82,3.91,1504
180212_Smp_L1C32DCMless10m_B,Co-enzyme A,Methyl Malonyl CoA,866.1109,407.964,3.85,3540,35,3.78,3.95,1376
180212_Smp_L1C32DCMless10m_C,Co-enzyme A,Methyl Malonyl CoA,866.1109,407.964,3.86,3669,0,3.82,3.95,1815
180212_Smp_L1C32DCMless20m_A,Co-enzyme A,Methyl Malonyl CoA,866.1109,407.964,3.85,4939,95,3.81,3.93,1713
180212_Smp_L1C32DCMless20m_B,Co-enzyme A,Methyl Malonyl CoA,866.1109,407.964,3.87,4960,23,3.82,3.92,2389
180212_Smp_L1C32DCMless20m_C,Co-enzyme A,Methyl Malonyl CoA,866.1109,407.964,3.85,6595,4,3.82,3.95,3500
180212_Smp_L1C33DCM_A,Co-enzyme A,Methyl Malonyl CoA,866.1109,407.964,3.85,1230,29,3.79,3.92,582
180212_Smp_L1C33DCM_B,Co-enzyme A,Methyl Malonyl CoA,866.1109,407.964,3.86,7720,26,3.82,3.93,3536
180212_Smp_L1C33DCM_C,Co-enzyme A,Methyl Malonyl CoA,866.1109,407.964,3.86,2730,79,3.8,3.93,1307
180212_Smp_L1C33DCMplus10m_A,Co-enzyme A,Methyl Malonyl CoA,866.1109,407.964,3.93,2561,0,3.84,4.03,729
180212_Smp_L1C33DCMplus10m_B,Co-enzyme A,Methyl Malonyl CoA,866.1109,407.964,3.85,4611,0,3.77,3.98,2777
180212_Smp_L1C33DCMplus10m_C,Co-enzyme A,Methyl Malonyl CoA,866.1109,407.964,3.86,2406,101,3.79,3.95,1217
180212_Smp_L1C33DCMplus20m_A,Co-enzyme A,Methyl Malonyl CoA,866.1109,407.964,3.86,620,67,3.82,3.95,326
180212_Smp_L1C33DCMplus20m_B,Co-enzyme A,Methyl Malonyl CoA,866.1109,407.964,3.86,2473,99,3.78,3.94,1605
180212_Smp_L1C33DCMplus20m_C,Co-enzyme A,Methyl Malonyl CoA,866.1109,407.964,3.85,1359,4,3.78,3.95,523
180212_Smp_L2C1DCMless10m_A,Co-enzyme A,Methyl Malonyl CoA,866.1109,407.964,3.85,2414,27,3.77,3.95,1544
180212_Smp_L2C1DCMless10m_B,Co-enzyme A,Methyl Malonyl CoA,866.1109,407.964,3.85,5286,69,3.79,3.93,2516
180212_Smp_L2C1DCMless10m_C,Co-enzyme A,Methyl Malonyl CoA,866.1109,407.964,3.86,2789,54,3.81,3.93,1491
180212_Smp_L2C1DCMless20m_A,Co-enzyme A,Methyl Malonyl CoA,866.1109,407.964,3.86,4310,18,3.78,3.95,1803
180212_Smp_L2C1DCMless20m_B,Co-enzyme A,Methyl Malonyl CoA,866.1109,407.964,3.87,2706,8,3.79,3.96,1227
180212_Smp_L2C1DCMless20m_C,Co-enzyme A,Methyl Malonyl CoA,866.1109,407.964,3.86,2999,90,3.78,3.93,1448
180212_Smp_L2C2DCM_A,Co-enzyme A,Methyl Malonyl CoA,866.1109,407.964,3.86,1037,28,3.8,3.91,708
180212_Smp_L2C2DCM_B,Co-enzyme A,Methyl Malonyl CoA,866.1109,407.964,3.85,1986,40,3.8,3.91,825
180212_Smp_L2C2DCM_C,Co-enzyme A,Methyl Malonyl CoA,866.1109,407.964,3.86,4515,69,3.82,3.9,2960
180212_Smp_L2C2DCMplus10m_A,Co-enzyme A,Methyl Malonyl CoA,866.1109,407.964,3.84,979,77,3.8,3.9,552
180212_Smp_L2C2DCMplus10m_B,Co-enzyme A,Methyl Malonyl CoA,866.1109,407.964,3.9,1232,0,3.77,3.95,327
180212_Smp_L2C2DCMplus10m_C,Co-enzyme A,Methyl Malonyl CoA,866.1109,407.964,3.86,803,0,3.82,3.96,388
180212_Smp_L2C2DCMplus20m_A,Co-enzyme A,Methyl Malonyl CoA,866.1109,407.964,3.87,2293,71,3.81,3.91,1022
180212_Smp_L2C2DCMplus20m_B,Co-enzyme A,Methyl Malonyl CoA,866.1109,407.964,3.87,1125,53,3.82,3.91,532
180212_Smp_L2C2DCMplus20m_C,Co-enzyme A,Methyl Malonyl CoA,866.1109,407.964,3.87,3154,12,3.82,3.95,1553
180212_Std_4uMhilicMix4_1,Co-enzyme A,Propionyl CoA,822.277,475.1986,7.12,4113774,303,7.05,7.3,1329191
180212_Std_4uMhilicMix4_2,Co-enzyme A,Propionyl CoA,822.277,475.1986,7.15,4998207,64551,7.1,7.29,1486946
180212_Blk_MQBlk_1,Co-enzyme A,Propionyl CoA,822.277,475.1986,7.17,579,2,7.12,7.19,487
180212_Blk_MQBlk_2,Co-enzyme A,Propionyl CoA,822.277,475.1986,7.13,8,0,7.11,7.14,9
180212_Blk_MQBlk_3,Co-enzyme A,Propionyl CoA,822.277,475.1986,7.14,5,0,7.12,7.16,6
180212_Blk_SWBlk_1,Co-enzyme A,Propionyl CoA,822.277,475.1986,7.14,67,0,7.13,7.16,188
180212_Blk_SWBlk_2,Co-enzyme A,Propionyl CoA,822.277,475.1986,7.11,8,0,7.11,7.14,15
180212_Blk_SWBlk_3,Co-enzyme A,Propionyl CoA,822.277,475.1986,7.14,22,0,7.1,7.16,17
180212_Poo_TruePoo_Full1,Co-enzyme A,Propionyl CoA,822.277,475.1986,7.13,7191,781,7.11,7.22,2600
180212_Poo_TruePoo_Full2,Co-enzyme A,Propionyl CoA,822.277,475.1986,7.16,6915,18,7.11,7.21,2960
180212_Poo_TruePoo_Full3,Co-enzyme A,Propionyl CoA,822.277,475.1986,7.15,8873,129,7.09,7.28,3048
180212_Poo_TruePoo_Half1,Co-enzyme A,Propionyl CoA,822.277,475.1986,7.16,5779,31,7.09,7.27,3074
180212_Poo_TruePoo_Half2,Co-enzyme A,Propionyl CoA,822.277,475.1986,7.14,4386,59,7.09,7.26,1901
180212_Poo_TruePoo_Half3,Co-enzyme A,Propionyl CoA,822.277,475.1986,7.14,4565,86,7.09,7.26,1845
180212_Smp_L1C32DCMless10m_A,Co-enzyme A,Propionyl CoA,822.277,475.1986,7.15,11491,76,7.1,7.22,5630
180212_Smp_L1C32DCMless10m_B,Co-enzyme A,Propionyl CoA,822.277,475.1986,7.16,9017,0,7.1,7.23,3629
180212_Smp_L1C32DCMless10m_C,Co-enzyme A,Propionyl CoA,822.277,475.1986,7.15,9236,6,7.1,7.23,3403
180212_Smp_L1C32DCMless20m_A,Co-enzyme A,Propionyl CoA,822.277,475.1986,7.13,8394,63,7.1,7.22,3067
180212_Smp_L1C32DCMless20m_B,Co-enzyme A,Propionyl CoA,822.277,475.1986,7.14,9802,45,7.1,7.23,4060
180212_Smp_L1C32DCMless20m_C,Co-enzyme A,Propionyl CoA,822.277,475.1986,7.16,14515,85,7.1,7.25,5582
180212_Smp_L1C33DCM_A,Co-enzyme A,Propionyl CoA,822.277,475.1986,7.16,7208,24,7.1,7.21,2801
180212_Smp_L1C33DCM_B,Co-enzyme A,Propionyl CoA,822.277,475.1986,7.14,8266,24,7.09,7.26,3521
180212_Smp_L1C33DCM_C,Co-enzyme A,Propionyl CoA,822.277,475.1986,7.15,5963,67,7.1,7.27,2479
180212_Smp_L1C33DCMplus10m_A,Co-enzyme A,Propionyl CoA,822.277,475.1986,7.18,1354,9,7.13,7.19,934
180212_Smp_L1C33DCMplus10m_B,Co-enzyme A,Propionyl CoA,822.277,475.1986,7.13,5167,42,7.1,7.19,2325
180212_Smp_L1C33DCMplus10m_C,Co-enzyme A,Propionyl CoA,822.277,475.1986,7.15,6066,58,7.08,7.24,2853
180212_Smp_L1C33DCMplus20m_A,Co-enzyme A,Propionyl CoA,822.277,475.1986,7.14,4346,7,7.1,7.21,1499
180212_Smp_L1C33DCMplus20m_B,Co-enzyme A,Propionyl CoA,822.277,475.1986,7.15,3517,0,7.09,7.23,2743
180212_Smp_L1C33DCMplus20m_C,Co-enzyme A,Propionyl CoA,822.277,475.1986,7.15,2982,12,7.07,7.24,1967
180212_Smp_L2C1DCMless10m_A,Co-enzyme A,Propionyl CoA,822.277,475.1986,7.14,5317,0,7.07,7.23,2200
180212_Smp_L2C1DCMless10m_B,Co-enzyme A,Propionyl CoA,822.277,475.1986,7.15,5286,111,7.08,7.26,2662
180212_Smp_L2C1DCMless10m_C,Co-enzyme A,Propionyl CoA,822.277,475.1986,7.15,3489,23,7.1,7.24,2027
180212_Smp_L2C1DCMless20m_A,Co-enzyme A,Propionyl CoA,822.277,475.1986,7.15,8402,113,7.11,7.28,3017
180212_Smp_L2C1DCMless20m_B,Co-enzyme A,Propionyl CoA,822.277,475.1986,7.13,6391,0,7.09,7.25,2270
180212_Smp_L2C1DCMless20m_C,Co-enzyme A,Propionyl CoA,822.277,475.1986,7.15,7414,58,7.08,7.28,3647
180212_Smp_L2C2DCM_A,Co-enzyme A,Propionyl CoA,822.277,475.1986,7.16,3386,29,7.07,7.24,1164
180212_Smp_L2C2DCM_B,Co-enzyme A,Propionyl CoA,822.277,475.1986,7.15,4467,0,7.07,7.26,2316
180212_Smp_L2C2DCM_C,Co-enzyme A,Propionyl CoA,822.277,475.1986,7.15,2835,40,7.09,7.24,1130
180212_Smp_L2C2DCMplus10m_A,Co-enzyme A,Propionyl CoA,822.277,475.1986,7.14,2147,0,7.07,7.24,966
180212_Smp_L2C2DCMplus10m_B,Co-enzyme A,Propionyl CoA,822.277,475.1986,7.15,4000,0,7.08,7.23,2293
180212_Smp_L2C2DCMplus10m_C,Co-enzyme A,Propionyl CoA,822.277,475.1986,7.14,3454,23,7.06,7.23,2222
180212_Smp_L2C2DCMplus20m_A,Co-enzyme A,Propionyl CoA,822.277,475.1986,7.16,2544,67,7.1,7.24,1513
180212_Smp_L2C2DCMplus20m_B,Co-enzyme A,Propionyl CoA,822.277,475.1986,7.16,2229,41,7.08,7.21,1546
180212_Smp_L2C2DCMplus20m_C,Co-enzyme A,Propionyl CoA,822.277,475.1986,7.15,2458,4,7.1,7.25,1241
180212_Std_4uMhilicMix4_1,Co-enzyme A,Propionyl CoA,822.277,408.113,7.12,6254644,2449,7.05,7.3,2032387
180212_Std_4uMhilicMix4_2,Co-enzyme A,Propionyl CoA,822.277,408.113,7.15,7330038,79204,7.1,7.29,2160036
180212_Blk_MQBlk_1,Co-enzyme A,Propionyl CoA,822.277,408.113,7.17,417,6,7.12,7.19,300
180212_Blk_MQBlk_2,Co-enzyme A,Propionyl CoA,822.277,408.113,7.11,9,0,7.11,7.14,16
180212_Blk_MQBlk_3,Co-enzyme A,Propionyl CoA,822.277,408.113,7.14,15,1,7.12,7.16,18
180212_Blk_SWBlk_1,Co-enzyme A,Propionyl CoA,822.277,408.113,7.14,36,0,7.13,7.16,81
180212_Blk_SWBlk_2,Co-enzyme A,Propionyl CoA,822.277,408.113,7.13,15,0,7.11,7.14,12
180212_Blk_SWBlk_3,Co-enzyme A,Propionyl CoA,822.277,408.113,7.14,6,11,7.1,7.16,8
180212_Poo_TruePoo_Full1,Co-enzyme A,Propionyl CoA,822.277,408.113,7.16,13557,40,7.11,7.22,4819
180212_Poo_TruePoo_Full2,Co-enzyme A,Propionyl CoA,822.277,408.113,7.14,9017,37,7.11,7.21,3577
180212_Poo_TruePoo_Full3,Co-enzyme A,Propionyl CoA,822.277,408.113,7.15,11627,12,7.09,7.28,2821
180212_Poo_TruePoo_Half1,Co-enzyme A,Propionyl CoA,822.277,408.113,7.15,6858,0,7.09,7.27,2870
180212_Poo_TruePoo_Half2,Co-enzyme A,Propionyl CoA,822.277,408.113,7.16,7201,0,7.09,7.26,3350
180212_Poo_TruePoo_Half3,Co-enzyme A,Propionyl CoA,822.277,408.113,7.15,6650,101,7.09,7.26,3543
180212_Smp_L1C32DCMless10m_A,Co-enzyme A,Propionyl CoA,822.277,408.113,7.15,19435,120,7.1,7.22,8153
180212_Smp_L1C32DCMless10m_B,Co-enzyme A,Propionyl CoA,822.277,408.113,7.15,12933,46,7.1,7.23,5005
180212_Smp_L1C32DCMless10m_C,Co-enzyme A,Propionyl CoA,822.277,408.113,7.15,13812,6,7.1,7.23,6221
180212_Smp_L1C32DCMless20m_A,Co-enzyme A,Propionyl CoA,822.277,408.113,7.14,13231,89,7.1,7.22,5815
180212_Smp_L1C32DCMless20m_B,Co-enzyme A,Propionyl CoA,822.277,408.113,7.16,15480,0,7.1,7.23,5409
180212_Smp_L1C32DCMless20m_C,Co-enzyme A,Propionyl CoA,822.277,408.113,7.14,21630,0,7.1,7.25,7422
180212_Smp_L1C33DCM_A,Co-enzyme A,Propionyl CoA,822.277,408.113,7.14,9515,81,7.1,7.21,3836
180212_Smp_L1C33DCM_B,Co-enzyme A,Propionyl CoA,822.277,408.113,7.15,11580,26,7.09,7.26,5037
180212_Smp_L1C33DCM_C,Co-enzyme A,Propionyl CoA,822.277,408.113,7.15,9546,117,7.1,7.27,4622
180212_Smp_L1C33DCMplus10m_A,Co-enzyme A,Propionyl CoA,822.277,408.113,7.17,726,1,7.13,7.19,549
180212_Smp_L1C33DCMplus10m_B,Co-enzyme A,Propionyl CoA,822.277,408.113,7.14,5347,51,7.1,7.19,2790
180212_Smp_L1C33DCMplus10m_C,Co-enzyme A,Propionyl CoA,822.277,408.113,7.16,10467,1,7.08,7.24,5723
180212_Smp_L1C33DCMplus20m_A,Co-enzyme A,Propionyl CoA,822.277,408.113,7.15,5033,35,7.1,7.21,2214
180212_Smp_L1C33DCMplus20m_B,Co-enzyme A,Propionyl CoA,822.277,408.113,7.15,5489,41,7.09,7.23,2544
180212_Smp_L1C33DCMplus20m_C,Co-enzyme A,Propionyl CoA,822.277,408.113,7.15,5000,0,7.07,7.24,2382
180212_Smp_L2C1DCMless10m_A,Co-enzyme A,Propionyl CoA,822.277,408.113,7.16,9137,6,7.07,7.23,3542
180212_Smp_L2C1DCMless10m_B,Co-enzyme A,Propionyl CoA,822.277,408.113,7.14,11547,56,7.08,7.26,4531
180212_Smp_L2C1DCMless10m_C,Co-enzyme A,Propionyl CoA,822.277,408.113,7.14,6872,57,7.1,7.24,4238
180212_Smp_L2C1DCMless20m_A,Co-enzyme A,Propionyl CoA,822.277,408.113,7.16,8667,65,7.11,7.28,4187
180212_Smp_L2C1DCMless20m_B,Co-enzyme A,Propionyl CoA,822.277,408.113,7.15,14294,29,7.09,7.25,4745
180212_Smp_L2C1DCMless20m_C,Co-enzyme A,Propionyl CoA,822.277,408.113,7.15,14373,33,7.08,7.28,6356
180212_Smp_L2C2DCM_A,Co-enzyme A,Propionyl CoA,822.277,408.113,7.14,5268,0,7.07,7.24,2256
180212_Smp_L2C2DCM_B,Co-enzyme A,Propionyl CoA,822.277,408.113,7.14,7102,28,7.07,7.26,2879
180212_Smp_L2C2DCM_C,Co-enzyme A,Propionyl CoA,822.277,408.113,7.15,7449,13,7.09,7.24,3255
180212_Smp_L2C2DCMplus10m_A,Co-enzyme A,Propionyl CoA,822.277,408.113,7.13,5136,15,7.07,7.24,3233
180212_Smp_L2C2DCMplus10m_B,Co-enzyme A,Propionyl CoA,822.277,408.113,7.16,6419,0,7.08,7.23,2607
180212_Smp_L2C2DCMplus10m_C,Co-enzyme A,Propionyl CoA,822.277,408.113,7.16,3641,0,7.06,7.23,1667
180212_Smp_L2C2DCMplus20m_A,Co-enzyme A,Propionyl CoA,822.277,408.113,7.14,3144,9,7.1,7.24,1332
180212_Smp_L2C2DCMplus20m_B,Co-enzyme A,Propionyl CoA,822.277,408.113,7.14,5056,0,7.08,7.21,2693
180212_Smp_L2C2DCMplus20m_C,Co-enzyme A,Propionyl CoA,822.277,408.113,7.15,3707,36,7.1,7.25,1451
180212_Std_4uMhilicMix4_1,Co-enzyme A,Succinyl CoA,866.1105,339.0864,3.49,1214260,12088,3.45,3.57,532922
180212_Std_4uMhilicMix4_2,Co-enzyme A,Succinyl CoA,866.1105,339.0864,3.52,1107221,24408,3.48,3.61,471236
180212_Blk_MQBlk_1,Co-enzyme A,Succinyl CoA,866.1105,339.0864,3.59,6,9,3.54,3.6,4
180212_Blk_MQBlk_2,Co-enzyme A,Succinyl CoA,866.1105,339.0864,3.49,46,0,3.45,3.56,14
180212_Blk_MQBlk_3,Co-enzyme A,Succinyl CoA,866.1105,339.0864,3.48,16,0,3.47,3.52,7
180212_Blk_SWBlk_1,Co-enzyme A,Succinyl CoA,866.1105,339.0864,3.53,20,0,3.5,3.55,15
180212_Blk_SWBlk_2,Co-enzyme A,Succinyl CoA,866.1105,339.0864,3.53,35,0,3.5,3.56,25
180212_Blk_SWBlk_3,Co-enzyme A,Succinyl CoA,866.1105,339.0864,3.52,14,0,3.5,3.53,14
180212_Poo_TruePoo_Full1,Co-enzyme A,Succinyl CoA,866.1105,339.0864,3.47,48,3,3.42,3.52,27
180212_Poo_TruePoo_Full2,Co-enzyme A,Succinyl CoA,866.1105,339.0864,3.48,41,22,3.45,3.53,51
180212_Poo_TruePoo_Full3,Co-enzyme A,Succinyl CoA,866.1105,339.0864,3.86,1096,19,3.81,3.91,468
180212_Poo_TruePoo_Half1,Co-enzyme A,Succinyl CoA,866.1105,339.0864,3.5,19,0,3.48,3.52,18
180212_Poo_TruePoo_Half2,Co-enzyme A,Succinyl CoA,866.1105,339.0864,3.48,30,0,3.47,3.53,13
180212_Poo_TruePoo_Half3,Co-enzyme A,Succinyl CoA,866.1105,339.0864,3.51,71,0,3.35,3.55,12
180212_Smp_L1C32DCMless10m_A,Co-enzyme A,Succinyl CoA,866.1105,339.0864,3.47,40,0,3.44,3.52,18
180212_Smp_L1C32DCMless10m_B,Co-enzyme A,Succinyl CoA,866.1105,339.0864,3.56,765,0,3.54,3.64,520
180212_Smp_L1C32DCMless10m_C,Co-enzyme A,Succinyl CoA,866.1105,339.0864,3.48,42,10,3.41,3.53,17
180212_Smp_L1C32DCMless20m_A,Co-enzyme A,Succinyl CoA,866.1105,339.0864,3.58,515,31,3.51,3.63,311
180212_Smp_L1C32DCMless20m_B,Co-enzyme A,Succinyl CoA,866.1105,339.0864,3.45,102,9,3.42,3.53,63
180212_Smp_L1C32DCMless20m_C,Co-enzyme A,Succinyl CoA,866.1105,339.0864,3.48,40,0,3.45,3.53,29
180212_Smp_L1C33DCM_A,Co-enzyme A,Succinyl CoA,866.1105,339.0864,3.44,47,5,3.42,3.55,12
180212_Smp_L1C33DCM_B,Co-enzyme A,Succinyl CoA,866.1105,339.0864,3.5,24,0,3.45,3.52,17
180212_Smp_L1C33DCM_C,Co-enzyme A,Succinyl CoA,866.1105,339.0864,3.46,35,0,3.43,3.52,18
180212_Smp_L1C33DCMplus10m_A,Co-enzyme A,Succinyl CoA,866.1105,339.0864,3.48,1,0,3.48,3.56,0
180212_Smp_L1C33DCMplus10m_B,Co-enzyme A,Succinyl CoA,866.1105,339.0864,3.48,1,0,3.48,3.52,6
180212_Smp_L1C33DCMplus10m_C,Co-enzyme A,Succinyl CoA,866.1105,339.0864,3.87,296,17,3.83,3.94,229
180212_Smp_L1C33DCMplus20m_A,Co-enzyme A,Succinyl CoA,866.1105,339.0864,3.48,34,0,3.42,3.55,12
180212_Smp_L1C33DCMplus20m_B,Co-enzyme A,Succinyl CoA,866.1105,339.0864,3.52,32,0,3.49,3.58,15
180212_Smp_L1C33DCMplus20m_C,Co-enzyme A,Succinyl CoA,866.1105,339.0864,3.45,46,0,3.45,3.53,18
180212_Smp_L2C1DCMless10m_A,Co-enzyme A,Succinyl CoA,866.1105,339.0864,3.44,56,1,3.4,3.52,25
180212_Smp_L2C1DCMless10m_B,Co-enzyme A,Succinyl CoA,866.1105,339.0864,3.49,15,0,3.47,3.53,9
180212_Smp_L2C1DCMless10m_C,Co-enzyme A,Succinyl CoA,866.1105,339.0864,3.51,26,0,3.47,3.53,12
180212_Smp_L2C1DCMless20m_A,Co-enzyme A,Succinyl CoA,866.1105,339.0864,3.51,17,0,3.51,3.57,12
180212_Smp_L2C1DCMless20m_B,Co-enzyme A,Succinyl CoA,866.1105,339.0864,3.86,479,0,3.82,3.91,486
180212_Smp_L2C1DCMless20m_C,Co-enzyme A,Succinyl CoA,866.1105,339.0864,3.5,9,0,3.49,3.52,12
180212_Smp_L2C2DCM_A,Co-enzyme A,Succinyl CoA,866.1105,339.0864,3.58,204,42,3.51,3.61,281
180212_Smp_L2C2DCM_B,Co-enzyme A,Succinyl CoA,866.1105,339.0864,3.55,127,0,3.51,3.56,215
180212_Smp_L2C2DCM_C,Co-enzyme A,Succinyl CoA,866.1105,339.0864,3.52,90,0,3.49,3.54,140
180212_Smp_L2C2DCMplus10m_A,Co-enzyme A,Succinyl CoA,866.1105,339.0864,3.5,36,33,3.42,3.53,20
180212_Smp_L2C2DCMplus10m_B,Co-enzyme A,Succinyl CoA,866.1105,339.0864,3.52,38,0,3.47,3.53,20
180212_Smp_L2C2DCMplus10m_C,Co-enzyme A,Succinyl CoA,866.1105,339.0864,3.54,21,0,3.51,3.56,14
180212_Smp_L2C2DCMplus20m_A,Co-enzyme A,Succinyl CoA,866.1105,339.0864,3.45,68,8,3.42,3.52,21
180212_Smp_L2C2DCMplus20m_B,Co-enzyme A,Succinyl CoA,866.1105,339.0864,3.86,54,0,3.83,3.91,42
180212_Smp_L2C2DCMplus20m_C,Co-enzyme A,Succinyl CoA,866.1105,339.0864,3.85,12,0,3.83,3.89,10
180212_Std_4uMhilicMix4_1,Co-enzyme A,Succinyl CoA,866.1105,158.9068,3.49,1342875,10943,3.45,3.57,603882
180212_Std_4uMhilicMix4_2,Co-enzyme A,Succinyl CoA,866.1105,158.9068,3.52,1255856,22003,3.48,3.61,512911
180212_Blk_MQBlk_1,Co-enzyme A,Succinyl CoA,866.1105,158.9068,3.55,157,0,3.54,3.6,242
180212_Blk_MQBlk_2,Co-enzyme A,Succinyl CoA,866.1105,158.9068,3.47,37,0,3.45,3.56,14
180212_Blk_MQBlk_3,Co-enzyme A,Succinyl CoA,866.1105,158.9068,3.51,9,7,3.47,3.52,4
180212_Blk_SWBlk_1,Co-enzyme A,Succinyl CoA,866.1105,158.9068,3.53,8,1,3.5,3.55,6
180212_Blk_SWBlk_2,Co-enzyme A,Succinyl CoA,866.1105,158.9068,3.52,44,0,3.5,3.56,36
180212_Blk_SWBlk_3,Co-enzyme A,Succinyl CoA,866.1105,158.9068,3.5,0,2,3.5,3.53,2
180212_Poo_TruePoo_Full1,Co-enzyme A,Succinyl CoA,866.1105,158.9068,3.49,46,2,3.42,3.52,40
180212_Poo_TruePoo_Full2,Co-enzyme A,Succinyl CoA,866.1105,158.9068,3.5,25,0,3.45,3.53,12
180212_Poo_TruePoo_Full3,Co-enzyme A,Succinyl CoA,866.1105,158.9068,3.85,4130,0,3.81,3.91,1924
180212_Poo_TruePoo_Half1,Co-enzyme A,Succinyl CoA,866.1105,158.9068,3.5,1,6,3.48,3.52,2
180212_Poo_TruePoo_Half2,Co-enzyme A,Succinyl CoA,866.1105,158.9068,3.52,22,0,3.47,3.53,12
180212_Poo_TruePoo_Half3,Co-enzyme A,Succinyl CoA,866.1105,158.9068,3.53,61,2,3.35,3.55,19
180212_Smp_L1C32DCMless10m_A,Co-enzyme A,Succinyl CoA,866.1105,158.9068,3.44,20,19,3.44,3.52,19
180212_Smp_L1C32DCMless10m_B,Co-enzyme A,Succinyl CoA,866.1105,158.9068,3.57,713,9,3.54,3.64,443
180212_Smp_L1C32DCMless10m_C,Co-enzyme A,Succinyl CoA,866.1105,158.9068,3.5,24,41,3.41,3.53,13
180212_Smp_L1C32DCMless20m_A,Co-enzyme A,Succinyl CoA,866.1105,158.9068,3.57,686,33,3.51,3.63,445
180212_Smp_L1C32DCMless20m_B,Co-enzyme A,Succinyl CoA,866.1105,158.9068,3.48,55,2,3.42,3.53,17
180212_Smp_L1C32DCMless20m_C,Co-enzyme A,Succinyl CoA,866.1105,158.9068,3.47,14,0,3.45,3.53,7
180212_Smp_L1C33DCM_A,Co-enzyme A,Succinyl CoA,866.1105,158.9068,3.49,62,3,3.42,3.55,19
180212_Smp_L1C33DCM_B,Co-enzyme A,Succinyl CoA,866.1105,158.9068,3.5,50,2,3.45,3.52,33
180212_Smp_L1C33DCM_C,Co-enzyme A,Succinyl CoA,866.1105,158.9068,3.47,36,7,3.43,3.52,11
180212_Smp_L1C33DCMplus10m_A,Co-enzyme A,Succinyl CoA,866.1105,158.9068,3.52,12,0,3.48,3.56,8
180212_Smp_L1C33DCMplus10m_B,Co-enzyme A,Succinyl CoA,866.1105,158.9068,3.5,20,0,3.48,3.52,24
180212_Smp_L1C33DCMplus10m_C,Co-enzyme A,Succinyl CoA,866.1105,158.9068,3.85,2330,0,3.83,3.94,1134
180212_Smp_L1C33DCMplus20m_A,Co-enzyme A,Succinyl CoA,866.1105,158.9068,3.5,80,0,3.42,3.55,22
180212_Smp_L1C33DCMplus20m_B,Co-enzyme A,Succinyl CoA,866.1105,158.9068,3.57,81,39,3.49,3.58,94
180212_Smp_L1C33DCMplus20m_C,Co-enzyme A,Succinyl CoA,866.1105,158.9068,3.46,53,0,3.45,3.53,45
180212_Smp_L2C1DCMless10m_A,Co-enzyme A,Succinyl CoA,866.1105,158.9068,3.48,83,1,3.4,3.52,35
180212_Smp_L2C1DCMless10m_B,Co-enzyme A,Succinyl CoA,866.1105,158.9068,3.47,4,3,3.47,3.53,9
180212_Smp_L2C1DCMless10m_C,Co-enzyme A,Succinyl CoA,866.1105,158.9068,3.49,93,0,3.47,3.53,115
180212_Smp_L2C1DCMless20m_A,Co-enzyme A,Succinyl CoA,866.1105,158.9068,3.54,33,0,3.51,3.57,21
180212_Smp_L2C1DCMless20m_B,Co-enzyme A,Succinyl CoA,866.1105,158.9068,3.86,2110,18,3.82,3.91,990
180212_Smp_L2C1DCMless20m_C,Co-enzyme A,Succinyl CoA,866.1105,158.9068,3.49,1,7,3.49,3.52,1
180212_Smp_L2C2DCM_A,Co-enzyme A,Succinyl CoA,866.1105,158.9068,3.55,402,0,3.51,3.61,276
180212_Smp_L2C2DCM_B,Co-enzyme A,Succinyl CoA,866.1105,158.9068,3.52,7,0,3.51,3.56,6
180212_Smp_L2C2DCM_C,Co-enzyme A,Succinyl CoA,866.1105,158.9068,3.53,29,5,3.49,3.54,48
180212_Smp_L2C2DCMplus10m_A,Co-enzyme A,Succinyl CoA,866.1105,158.9068,3.5,72,0,3.42,3.53,24
180212_Smp_L2C2DCMplus10m_B,Co-enzyme A,Succinyl CoA,866.1105,158.9068,3.47,6,6,3.47,3.53,15
180212_Smp_L2C2DCMplus10m_C,Co-enzyme A,Succinyl CoA,866.1105,158.9068,3.51,3,9,3.51,3.56,0
180212_Smp_L2C2DCMplus20m_A,Co-enzyme A,Succinyl CoA,866.1105,158.9068,3.45,35,2,3.42,3.52,13
180212_Smp_L2C2DCMplus20m_B,Co-enzyme A,Succinyl CoA,866.1105,158.9068,3.88,1046,14,3.83,3.91,563
180212_Smp_L2C2DCMplus20m_C,Co-enzyme A,Succinyl CoA,866.1105,158.9068,3.86,1487,8,3.83,3.89,1149
180212_Std_4uMhilicMix4_1,Internal Std,13C Acetyl CoA,810.2043,463.1176,5.4,1567135,66982,5.35,5.49,848872
180212_Std_4uMhilicMix4_2,Internal Std,13C Acetyl CoA,810.2043,463.1176,5.42,2499243,26225,5.38,5.5,1375220
180212_Blk_MQBlk_1,Internal Std,13C Acetyl CoA,810.2043,463.1176,5.43,9825586,41623,5.38,5.51,4636502
180212_Blk_MQBlk_2,Internal Std,13C Acetyl CoA,810.2043,463.1176,5.42,10124913,37621,5.37,5.51,4367719
180212_Blk_MQBlk_3,Internal Std,13C Acetyl CoA,810.2043,463.1176,5.43,9089972,46000,5.38,5.51,4055327
180212_Blk_SWBlk_1,Internal Std,13C Acetyl CoA,810.2043,463.1176,5.42,8511144,54574,5.38,5.53,3396883
180212_Blk_SWBlk_2,Internal Std,13C Acetyl CoA,810.2043,463.1176,5.43,8539858,85293,5.39,5.53,3660904
180212_Blk_SWBlk_3,Internal Std,13C Acetyl CoA,810.2043,463.1176,5.44,8990920,81157,5.39,5.53,3823188
180212_Poo_TruePoo_Full1,Internal Std,13C Acetyl CoA,810.2043,463.1176,5.44,8048978,65350,5.39,5.53,3584426
180212_Poo_TruePoo_Full2,Internal Std,13C Acetyl CoA,810.2043,463.1176,5.43,9667078,39475,5.38,5.51,4449374
180212_Poo_TruePoo_Full3,Internal Std,13C Acetyl CoA,810.2043,463.1176,5.44,8305507,45293,5.39,5.52,3859833
180212_Poo_TruePoo_Half1,Internal Std,13C Acetyl CoA,810.2043,463.1176,5.43,3582875,24961,5.39,5.54,1386643
180212_Poo_TruePoo_Half2,Internal Std,13C Acetyl CoA,810.2043,463.1176,5.42,4037787,24234,5.38,5.53,1519072
180212_Poo_TruePoo_Half3,Internal Std,13C Acetyl CoA,810.2043,463.1176,5.43,3651052,2967,5.38,5.53,1446582
180212_Smp_L1C32DCMless10m_A,Internal Std,13C Acetyl CoA,810.2043,463.1176,5.42,8504993,54204,5.38,5.52,3475629
180212_Smp_L1C32DCMless10m_B,Internal Std,13C Acetyl CoA,810.2043,463.1176,5.43,8671871,162379,5.39,5.52,3509077
180212_Smp_L1C32DCMless10m_C,Internal Std,13C Acetyl CoA,810.2043,463.1176,5.43,9299872,146740,5.39,5.51,4197736
180212_Smp_L1C32DCMless20m_A,Internal Std,13C Acetyl CoA,810.2043,463.1176,5.42,8959392,42549,5.38,5.52,3764955
180212_Smp_L1C32DCMless20m_B,Internal Std,13C Acetyl CoA,810.2043,463.1176,5.43,8904220,180716,5.39,5.52,3832432
180212_Smp_L1C32DCMless20m_C,Internal Std,13C Acetyl CoA,810.2043,463.1176,5.44,9234927,57679,5.39,5.51,4200731
180212_Smp_L1C33DCM_A,Internal Std,13C Acetyl CoA,810.2043,463.1176,5.42,8994706,32878,5.38,5.52,3733518
180212_Smp_L1C33DCM_B,Internal Std,13C Acetyl CoA,810.2043,463.1176,5.43,8924293,24529,5.38,5.51,3973069
180212_Smp_L1C33DCM_C,Internal Std,13C Acetyl CoA,810.2043,463.1176,5.43,8948141,54713,5.39,5.53,3735286
180212_Smp_L1C33DCMplus10m_A,Internal Std,13C Acetyl CoA,810.2043,463.1176,5.45,7532288,34315,5.4,5.55,2824465
180212_Smp_L1C33DCMplus10m_B,Internal Std,13C Acetyl CoA,810.2043,463.1176,5.44,9928976,114829,5.39,5.52,4272868
180212_Smp_L1C33DCMplus10m_C,Internal Std,13C Acetyl CoA,810.2043,463.1176,5.43,8975022,46038,5.39,5.53,3814094
180212_Smp_L1C33DCMplus20m_A,Internal Std,13C Acetyl CoA,810.2043,463.1176,5.43,7738918,22554,5.38,5.52,3016309
180212_Smp_L1C33DCMplus20m_B,Internal Std,13C Acetyl CoA,810.2043,463.1176,5.43,8047471,14062,5.38,5.52,3297657
180212_Smp_L1C33DCMplus20m_C,Internal Std,13C Acetyl CoA,810.2043,463.1176,5.43,9487945,85105,5.39,5.52,4232768
180212_Smp_L2C1DCMless10m_A,Internal Std,13C Acetyl CoA,810.2043,463.1176,5.42,8416451,32284,5.38,5.52,3437187
180212_Smp_L2C1DCMless10m_B,Internal Std,13C Acetyl CoA,810.2043,463.1176,5.42,8971233,26829,5.38,5.52,3559173
180212_Smp_L2C1DCMless10m_C,Internal Std,13C Acetyl CoA,810.2043,463.1176,5.43,8247339,38204,5.39,5.53,3612543
180212_Smp_L2C1DCMless20m_A,Internal Std,13C Acetyl CoA,810.2043,463.1176,5.43,7852030,24232,5.39,5.53,3348894
180212_Smp_L2C1DCMless20m_B,Internal Std,13C Acetyl CoA,810.2043,463.1176,5.42,8399248,23289,5.38,5.52,3359299
180212_Smp_L2C1DCMless20m_C,Internal Std,13C Acetyl CoA,810.2043,463.1176,5.43,9608339,138957,5.39,5.52,4466404
180212_Smp_L2C2DCM_A,Internal Std,13C Acetyl CoA,810.2043,463.1176,5.42,8564488,42539,5.38,5.52,3464593
180212_Smp_L2C2DCM_B,Internal Std,13C Acetyl CoA,810.2043,463.1176,5.43,9395330,23654,5.38,5.52,3969285
180212_Smp_L2C2DCM_C,Internal Std,13C Acetyl CoA,810.2043,463.1176,5.43,8445505,128390,5.39,5.51,3642172
180212_Smp_L2C2DCMplus10m_A,Internal Std,13C Acetyl CoA,810.2043,463.1176,5.43,9016356,44160,5.38,5.52,3837815
180212_Smp_L2C2DCMplus10m_B,Internal Std,13C Acetyl CoA,810.2043,463.1176,5.42,9069234,217055,5.39,5.53,3662677
180212_Smp_L2C2DCMplus10m_C,Internal Std,13C Acetyl CoA,810.2043,463.1176,5.44,7804221,70092,5.39,5.52,3442964
180212_Smp_L2C2DCMplus20m_A,Internal Std,13C Acetyl CoA,810.2043,463.1176,5.42,7809523,41673,5.38,5.53,3155014
180212_Smp_L2C2DCMplus20m_B,Internal Std,13C Acetyl CoA,810.2043,463.1176,5.43,6897407,82645,5.39,5.53,2659423
180212_Smp_L2C2DCMplus20m_C,Internal Std,13C Acetyl CoA,810.2043,463.1176,5.44,8000478,39914,5.39,5.53,3674489
180212_Std_4uMhilicMix4_1,Internal Std,13C Acetyl CoA,810.2043,408.0569,5.4,2112580,93910,5.35,5.49,1151592
180212_Std_4uMhilicMix4_2,Internal Std,13C Acetyl CoA,810.2043,408.0569,5.42,3349291,36566,5.38,5.5,1794922
180212_Blk_MQBlk_1,Internal Std,13C Acetyl CoA,810.2043,408.0569,5.43,14026272,57556,5.38,5.51,6620013
180212_Blk_MQBlk_2,Internal Std,13C Acetyl CoA,810.2043,408.0569,5.42,14606736,50477,5.37,5.51,6218314
180212_Blk_MQBlk_3,Internal Std,13C Acetyl CoA,810.2043,408.0569,5.43,12859406,63655,5.38,5.51,5823575
180212_Blk_SWBlk_1,Internal Std,13C Acetyl CoA,810.2043,408.0569,5.42,12227511,41466,5.38,5.53,4723892
180212_Blk_SWBlk_2,Internal Std,13C Acetyl CoA,810.2043,408.0569,5.43,12110803,146553,5.39,5.53,5184504
180212_Blk_SWBlk_3,Internal Std,13C Acetyl CoA,810.2043,408.0569,5.44,12705804,96843,5.39,5.53,5624588
180212_Poo_TruePoo_Full1,Internal Std,13C Acetyl CoA,810.2043,408.0569,5.44,11449321,73411,5.39,5.53,5169644
180212_Poo_TruePoo_Full2,Internal Std,13C Acetyl CoA,810.2043,408.0569,5.43,13850185,58074,5.38,5.51,6326046
180212_Poo_TruePoo_Full3,Internal Std,13C Acetyl CoA,810.2043,408.0569,5.44,11847258,88246,5.39,5.52,5559324
180212_Poo_TruePoo_Half1,Internal Std,13C Acetyl CoA,810.2043,408.0569,5.43,5193993,25243,5.39,5.54,1960456
180212_Poo_TruePoo_Half2,Internal Std,13C Acetyl CoA,810.2043,408.0569,5.42,5736368,25810,5.38,5.53,2142141
180212_Poo_TruePoo_Half3,Internal Std,13C Acetyl CoA,810.2043,408.0569,5.43,5240130,3201,5.38,5.53,2051996
180212_Smp_L1C32DCMless10m_A,Internal Std,13C Acetyl CoA,810.2043,408.0569,5.42,12116422,57816,5.38,5.52,4999240
180212_Smp_L1C32DCMless10m_B,Internal Std,13C Acetyl CoA,810.2043,408.0569,5.43,12632460,202698,5.39,5.52,5264032
180212_Smp_L1C32DCMless10m_C,Internal Std,13C Acetyl CoA,810.2043,408.0569,5.43,13460831,181368,5.39,5.51,6044380
180212_Smp_L1C32DCMless20m_A,Internal Std,13C Acetyl CoA,810.2043,408.0569,5.42,12726328,45809,5.38,5.52,5171262
180212_Smp_L1C32DCMless20m_B,Internal Std,13C Acetyl CoA,810.2043,408.0569,5.43,13076203,183617,5.39,5.52,5714176
180212_Smp_L1C32DCMless20m_C,Internal Std,13C Acetyl CoA,810.2043,408.0569,5.44,13363051,108139,5.39,5.51,6072852
180212_Smp_L1C33DCM_A,Internal Std,13C Acetyl CoA,810.2043,408.0569,5.42,12864885,60410,5.38,5.52,5418694
180212_Smp_L1C33DCM_B,Internal Std,13C Acetyl CoA,810.2043,408.0569,5.43,12682216,45343,5.38,5.51,5669235
180212_Smp_L1C33DCM_C,Internal Std,13C Acetyl CoA,810.2043,408.0569,5.43,12668013,69886,5.39,5.53,5244523
180212_Smp_L1C33DCMplus10m_A,Internal Std,13C Acetyl CoA,810.2043,408.0569,5.45,10669070,94318,5.4,5.55,4000500
180212_Smp_L1C33DCMplus10m_B,Internal Std,13C Acetyl CoA,810.2043,408.0569,5.44,14232219,192775,5.39,5.52,6172704
180212_Smp_L1C33DCMplus10m_C,Internal Std,13C Acetyl CoA,810.2043,408.0569,5.43,12677697,111977,5.39,5.53,5388323
180212_Smp_L1C33DCMplus20m_A,Internal Std,13C Acetyl CoA,810.2043,408.0569,5.43,10958199,11362,5.38,5.52,4357410
180212_Smp_L1C33DCMplus20m_B,Internal Std,13C Acetyl CoA,810.2043,408.0569,5.43,11393241,25742,5.38,5.52,4602893
180212_Smp_L1C33DCMplus20m_C,Internal Std,13C Acetyl CoA,810.2043,408.0569,5.43,13655485,67666,5.39,5.52,6119831
180212_Smp_L2C1DCMless10m_A,Internal Std,13C Acetyl CoA,810.2043,408.0569,5.42,11925864,75750,5.38,5.52,4823848
180212_Smp_L2C1DCMless10m_B,Internal Std,13C Acetyl CoA,810.2043,408.0569,5.43,12664023,33988,5.38,5.52,5002745
180212_Smp_L2C1DCMless10m_C,Internal Std,13C Acetyl CoA,810.2043,408.0569,5.43,11917719,67188,5.39,5.53,5132096
180212_Smp_L2C1DCMless20m_A,Internal Std,13C Acetyl CoA,810.2043,408.0569,5.43,11362478,22552,5.39,5.53,4893661
180212_Smp_L2C1DCMless20m_B,Internal Std,13C Acetyl CoA,810.2043,408.0569,5.43,11935319,18562,5.38,5.52,4754307
180212_Smp_L2C1DCMless20m_C,Internal Std,13C Acetyl CoA,810.2043,408.0569,5.43,13659834,150236,5.39,5.52,5993800
180212_Smp_L2C2DCM_A,Internal Std,13C Acetyl CoA,810.2043,408.0569,5.42,12173214,27373,5.38,5.52,4863689
180212_Smp_L2C2DCM_B,Internal Std,13C Acetyl CoA,810.2043,408.0569,5.43,13524253,20961,5.38,5.52,5655109
180212_Smp_L2C2DCM_C,Internal Std,13C Acetyl CoA,810.2043,408.0569,5.43,11970826,152545,5.39,5.51,5136972
180212_Smp_L2C2DCMplus10m_A,Internal Std,13C Acetyl CoA,810.2043,408.0569,5.43,12877461,49368,5.38,5.52,5667083
180212_Smp_L2C2DCMplus10m_B,Internal Std,13C Acetyl CoA,810.2043,408.0569,5.43,13108452,202419,5.39,5.53,5349946
180212_Smp_L2C2DCMplus10m_C,Internal Std,13C Acetyl CoA,810.2043,408.0569,5.44,11284071,59460,5.39,5.52,5172832
180212_Smp_L2C2DCMplus20m_A,Internal Std,13C Acetyl CoA,810.2043,408.0569,5.42,11068937,39802,5.38,5.53,4446504
180212_Smp_L2C2DCMplus20m_B,Internal Std,13C Acetyl CoA,810.2043,408.0569,5.43,10275331,125763,5.39,5.53,4088405
180212_Smp_L2C2DCMplus20m_C,Internal Std,13C Acetyl CoA,810.2043,408.0569,5.44,11212636,48068,5.39,5.53,4756912
