"Replicate.Name","Precursor.Ion.Name","Precursor.Mz","Product.Mz","Retention.Time","Area","Background","Height"
"180212_Std_4uMhilicMix4_1","Acetoacetyl CoA",850.3228,766.3569,5.22,2516063,35859,839328
"180212_Std_4uMhilicMix4_2","Acetoacetyl CoA",850.3228,766.3569,5.24,3573113,22243,1083738
"180212_Blk_MQBlk_1","Acetoacetyl CoA",850.3228,766.3569,5.24,1389,4,468
"180212_Blk_MQBlk_2","Acetoacetyl CoA",850.3228,766.3569,5.2,105,4,83
"180212_Blk_MQBlk_3","Acetoacetyl CoA",850.3228,766.3569,5.18,966,0,778
"180212_Blk_SWBlk_1","Acetoacetyl CoA",850.3228,766.3569,5.16,75,0,19
"180212_Blk_SWBlk_2","Acetoacetyl CoA",850.3228,766.3569,5.24,595,19,224
"180212_Blk_SWBlk_3","Acetoacetyl CoA",850.3228,766.3569,5.29,1214,132,1032
"180212_Poo_TruePoo_Full1","Acetoacetyl CoA",850.3228,766.3569,5.14,1738,0,1668
"180212_Poo_TruePoo_Full2","Acetoacetyl CoA",850.3228,766.3569,5.24,398,17,348
"180212_Poo_TruePoo_Full3","Acetoacetyl CoA",850.3228,766.3569,5.25,1743,172,1168
"180212_Poo_TruePoo_Half1","Acetoacetyl CoA",850.3228,766.3569,5.27,421,20,216
"180212_Poo_TruePoo_Half2","Acetoacetyl CoA",850.3228,766.3569,5.19,79,6,75
"180212_Poo_TruePoo_Half3","Acetoacetyl CoA",850.3228,766.3569,5.18,1231,4,564
"180212_Smp_L1C32DCMless10m_A","Acetoacetyl CoA",850.3228,766.3569,5.3,943,13,406
"180212_Smp_L1C32DCMless10m_B","Acetoacetyl CoA",850.3228,766.3569,5.12,418,72,181
"180212_Smp_L1C32DCMless10m_C","Acetoacetyl CoA",850.3228,766.3569,5.22,351,3,131
"180212_Smp_L1C32DCMless20m_A","Acetoacetyl CoA",850.3228,766.3569,5.34,190,58,148
"180212_Smp_L1C32DCMless20m_B","Acetoacetyl CoA",850.3228,766.3569,5.18,118,0,92
"180212_Smp_L1C32DCMless20m_C","Acetoacetyl CoA",850.3228,766.3569,5.21,32,0,16
"180212_Smp_L1C33DCM_A","Acetoacetyl CoA",850.3228,766.3569,5.26,384,85,281
"180212_Smp_L1C33DCM_B","Acetoacetyl CoA",850.3228,766.3569,5.21,212,3,146
"180212_Smp_L1C33DCM_C","Acetoacetyl CoA",850.3228,766.3569,5.24,16,23,12
"180212_Smp_L1C33DCMplus10m_A","Acetoacetyl CoA",850.3228,766.3569,5.19,1100,0,781
"180212_Smp_L1C33DCMplus10m_B","Acetoacetyl CoA",850.3228,766.3569,5.21,676,0,631
"180212_Smp_L1C33DCMplus10m_C","Acetoacetyl CoA",850.3228,766.3569,5.11,754,5,316
"180212_Smp_L1C33DCMplus20m_A","Acetoacetyl CoA",850.3228,766.3569,5.23,394,23,351
"180212_Smp_L1C33DCMplus20m_B","Acetoacetyl CoA",850.3228,766.3569,5.17,646,6,352
"180212_Smp_L1C33DCMplus20m_C","Acetoacetyl CoA",850.3228,766.3569,5.25,336,0,365
"180212_Smp_L2C1DCMless10m_A","Acetoacetyl CoA",850.3228,766.3569,5.2,1497,22,677
"180212_Smp_L2C1DCMless10m_B","Acetoacetyl CoA",850.3228,766.3569,5.17,3026,3,1081
"180212_Smp_L2C1DCMless10m_C","Acetoacetyl CoA",850.3228,766.3569,5.23,929,0,504
"180212_Smp_L2C1DCMless20m_A","Acetoacetyl CoA",850.3228,766.3569,5.26,217,41,48
"180212_Smp_L2C1DCMless20m_B","Acetoacetyl CoA",850.3228,766.3569,5.17,571,0,326
"180212_Smp_L2C1DCMless20m_C","Acetoacetyl CoA",850.3228,766.3569,5.18,140,0,74
"180212_Smp_L2C2DCM_A","Acetoacetyl CoA",850.3228,766.3569,5.26,422,9,181
"180212_Smp_L2C2DCM_B","Acetoacetyl CoA",850.3228,766.3569,5.24,18,0,15
"180212_Smp_L2C2DCM_C","Acetoacetyl CoA",850.3228,766.3569,5.24,101,0,106
"180212_Smp_L2C2DCMplus10m_A","Acetoacetyl CoA",850.3228,766.3569,5.15,140,63,111
"180212_Smp_L2C2DCMplus10m_B","Acetoacetyl CoA",850.3228,766.3569,5.24,733,1,306
"180212_Smp_L2C2DCMplus10m_C","Acetoacetyl CoA",850.3228,766.3569,5.11,374,30,148
"180212_Smp_L2C2DCMplus20m_A","Acetoacetyl CoA",850.3228,766.3569,5.21,37,12,22
"180212_Smp_L2C2DCMplus20m_B","Acetoacetyl CoA",850.3228,766.3569,5.23,331,0,148
"180212_Smp_L2C2DCMplus20m_C","Acetoacetyl CoA",850.3228,766.3569,5.19,548,5,167
"180212_Std_4uMhilicMix4_1","Acetoacetyl CoA",850.3228,408.178,5.22,2079048,21586,681630
"180212_Std_4uMhilicMix4_2","Acetoacetyl CoA",850.3228,408.178,5.24,2728782,10528,798255
"180212_Blk_MQBlk_1","Acetoacetyl CoA",850.3228,408.178,5.27,17,31,7
"180212_Blk_MQBlk_2","Acetoacetyl CoA",850.3228,408.178,5.16,52,0,17
"180212_Blk_MQBlk_3","Acetoacetyl CoA",850.3228,408.178,5.15,14,0,6
"180212_Blk_SWBlk_1","Acetoacetyl CoA",850.3228,408.178,5.22,30,15,10
"180212_Blk_SWBlk_2","Acetoacetyl CoA",850.3228,408.178,5.31,32,0,10
"180212_Blk_SWBlk_3","Acetoacetyl CoA",850.3228,408.178,5.24,68,0,17
"180212_Poo_TruePoo_Full1","Acetoacetyl CoA",850.3228,408.178,5.14,37,0,14
"180212_Poo_TruePoo_Full2","Acetoacetyl CoA",850.3228,408.178,5.23,18,2,13
"180212_Poo_TruePoo_Full3","Acetoacetyl CoA",850.3228,408.178,5.26,87,0,18
"180212_Poo_TruePoo_Half1","Acetoacetyl CoA",850.3228,408.178,5.28,58,0,16
"180212_Poo_TruePoo_Half2","Acetoacetyl CoA",850.3228,408.178,5.19,168,6,127
"180212_Poo_TruePoo_Half3","Acetoacetyl CoA",850.3228,408.178,5.19,6,3,5
"180212_Smp_L1C32DCMless10m_A","Acetoacetyl CoA",850.3228,408.178,5.2,62,1,12
"180212_Smp_L1C32DCMless10m_B","Acetoacetyl CoA",850.3228,408.178,5.13,757,0,326
"180212_Smp_L1C32DCMless10m_C","Acetoacetyl CoA",850.3228,408.178,5.3,10,32,7
"180212_Smp_L1C32DCMless20m_A","Acetoacetyl CoA",850.3228,408.178,5.23,130,17,41
"180212_Smp_L1C32DCMless20m_B","Acetoacetyl CoA",850.3228,408.178,5.21,17,0,6
"180212_Smp_L1C32DCMless20m_C","Acetoacetyl CoA",850.3228,408.178,5.17,7,4,6
"180212_Smp_L1C33DCM_A","Acetoacetyl CoA",850.3228,408.178,5.21,97,0,18
"180212_Smp_L1C33DCM_B","Acetoacetyl CoA",850.3228,408.178,5.13,13,0,6
"180212_Smp_L1C33DCM_C","Acetoacetyl CoA",850.3228,408.178,5.23,42,0,17
"180212_Smp_L1C33DCMplus10m_A","Acetoacetyl CoA",850.3228,408.178,5.23,16,0,9
"180212_Smp_L1C33DCMplus10m_B","Acetoacetyl CoA",850.3228,408.178,5.2,7,0,8
"180212_Smp_L1C33DCMplus10m_C","Acetoacetyl CoA",850.3228,408.178,5.11,22,16,9
"180212_Smp_L1C33DCMplus20m_A","Acetoacetyl CoA",850.3228,408.178,5.2,43,0,24
"180212_Smp_L1C33DCMplus20m_B","Acetoacetyl CoA",850.3228,408.178,5.21,31,6,11
"180212_Smp_L1C33DCMplus20m_C","Acetoacetyl CoA",850.3228,408.178,5.2,92,0,74
"180212_Smp_L2C1DCMless10m_A","Acetoacetyl CoA",850.3228,408.178,5.18,34,0,6
"180212_Smp_L2C1DCMless10m_B","Acetoacetyl CoA",850.3228,408.178,5.21,18,25,11
"180212_Smp_L2C1DCMless10m_C","Acetoacetyl CoA",850.3228,408.178,5.26,29,4,16
"180212_Smp_L2C1DCMless20m_A","Acetoacetyl CoA",850.3228,408.178,5.26,84,0,20
"180212_Smp_L2C1DCMless20m_B","Acetoacetyl CoA",850.3228,408.178,5.2,56,0,28
"180212_Smp_L2C1DCMless20m_C","Acetoacetyl CoA",850.3228,408.178,5.12,23,5,9
"180212_Smp_L2C2DCM_A","Acetoacetyl CoA",850.3228,408.178,5.24,60,13,16
"180212_Smp_L2C2DCM_B","Acetoacetyl CoA",850.3228,408.178,5.23,45,0,32
"180212_Smp_L2C2DCM_C","Acetoacetyl CoA",850.3228,408.178,5.24,10,0,8
"180212_Smp_L2C2DCMplus10m_A","Acetoacetyl CoA",850.3228,408.178,5.1,151,16,23
"180212_Smp_L2C2DCMplus10m_B","Acetoacetyl CoA",850.3228,408.178,5.2,8,16,4
"180212_Smp_L2C2DCMplus10m_C","Acetoacetyl CoA",850.3228,408.178,5.2,45,0,17
"180212_Smp_L2C2DCMplus20m_A","Acetoacetyl CoA",850.3228,408.178,5.22,36,3,16
"180212_Smp_L2C2DCMplus20m_B","Acetoacetyl CoA",850.3228,408.178,5.14,69,8,17
"180212_Smp_L2C2DCMplus20m_C","Acetoacetyl CoA",850.3228,408.178,5.14,60,0,16
"180212_Std_4uMhilicMix4_1","Acetyl CoA",808.149,461.1161,5.4,20544276,363001,11001184
"180212_Std_4uMhilicMix4_2","Acetyl CoA",808.149,461.1161,5.42,36252820,211697,19246748
"180212_Blk_MQBlk_1","Acetyl CoA",808.149,461.1161,5.46,2828,0,924
"180212_Blk_MQBlk_2","Acetyl CoA",808.149,461.1161,5.44,322,25,114
"180212_Blk_MQBlk_3","Acetyl CoA",808.149,461.1161,5.44,1256,0,799
"180212_Blk_SWBlk_1","Acetyl CoA",808.149,461.1161,5.41,1398,77,533
"180212_Blk_SWBlk_2","Acetyl CoA",808.149,461.1161,5.42,1237,40,571
"180212_Blk_SWBlk_3","Acetyl CoA",808.149,461.1161,5.47,1050,0,320
"180212_Poo_TruePoo_Full1","Acetyl CoA",808.149,461.1161,5.44,88068,1597,41875
"180212_Poo_TruePoo_Full2","Acetyl CoA",808.149,461.1161,5.43,90528,0,43216
"180212_Poo_TruePoo_Full3","Acetyl CoA",808.149,461.1161,5.44,69757,161,27118
"180212_Poo_TruePoo_Half1","Acetyl CoA",808.149,461.1161,5.43,39487,58,14762
"180212_Poo_TruePoo_Half2","Acetyl CoA",808.149,461.1161,5.43,40175,0,14675
"180212_Poo_TruePoo_Half3","Acetyl CoA",808.149,461.1161,5.44,42882,102,16903
"180212_Smp_L1C32DCMless10m_A","Acetyl CoA",808.149,461.1161,5.42,94432,33,38358
"180212_Smp_L1C32DCMless10m_B","Acetyl CoA",808.149,461.1161,5.43,87268,92,37535
"180212_Smp_L1C32DCMless10m_C","Acetyl CoA",808.149,461.1161,5.44,101221,919,45314
"180212_Smp_L1C32DCMless20m_A","Acetyl CoA",808.149,461.1161,5.42,105707,177,37749
"180212_Smp_L1C32DCMless20m_B","Acetyl CoA",808.149,461.1161,5.43,117250,110,45906
"180212_Smp_L1C32DCMless20m_C","Acetyl CoA",808.149,461.1161,5.43,139154,0,56896
"180212_Smp_L1C33DCM_A","Acetyl CoA",808.149,461.1161,5.42,103077,706,43750
"180212_Smp_L1C33DCM_B","Acetyl CoA",808.149,461.1161,5.43,121164,0,59808
"180212_Smp_L1C33DCM_C","Acetyl CoA",808.149,461.1161,5.43,88066,83,32984
"180212_Smp_L1C33DCMplus10m_A","Acetyl CoA",808.149,461.1161,5.43,68140,0,23540
"180212_Smp_L1C33DCMplus10m_B","Acetyl CoA",808.149,461.1161,5.43,95563,146,44513
"180212_Smp_L1C33DCMplus10m_C","Acetyl CoA",808.149,461.1161,5.43,113410,29,51809
"180212_Smp_L1C33DCMplus20m_A","Acetyl CoA",808.149,461.1161,5.43,54618,322,24323
"180212_Smp_L1C33DCMplus20m_B","Acetyl CoA",808.149,461.1161,5.43,51103,1087,22076
"180212_Smp_L1C33DCMplus20m_C","Acetyl CoA",808.149,461.1161,5.43,65769,37,23658
"180212_Smp_L2C1DCMless10m_A","Acetyl CoA",808.149,461.1161,5.43,60300,0,24487
"180212_Smp_L2C1DCMless10m_B","Acetyl CoA",808.149,461.1161,5.43,67963,51,27051
"180212_Smp_L2C1DCMless10m_C","Acetyl CoA",808.149,461.1161,5.43,71715,13,32457
"180212_Smp_L2C1DCMless20m_A","Acetyl CoA",808.149,461.1161,5.44,53189,7,20183
"180212_Smp_L2C1DCMless20m_B","Acetyl CoA",808.149,461.1161,5.43,83843,183,32910
"180212_Smp_L2C1DCMless20m_C","Acetyl CoA",808.149,461.1161,5.43,70311,0,29464
"180212_Smp_L2C2DCM_A","Acetyl CoA",808.149,461.1161,5.43,46402,88,17592
"180212_Smp_L2C2DCM_B","Acetyl CoA",808.149,461.1161,5.43,65591,67,31768
"180212_Smp_L2C2DCM_C","Acetyl CoA",808.149,461.1161,5.43,58784,47,26789
"180212_Smp_L2C2DCMplus10m_A","Acetyl CoA",808.149,461.1161,5.43,48375,0,16736
"180212_Smp_L2C2DCMplus10m_B","Acetyl CoA",808.149,461.1161,5.42,56684,240,22393
"180212_Smp_L2C2DCMplus10m_C","Acetyl CoA",808.149,461.1161,5.44,47947,89,22297
"180212_Smp_L2C2DCMplus20m_A","Acetyl CoA",808.149,461.1161,5.42,28411,50,10073
"180212_Smp_L2C2DCMplus20m_B","Acetyl CoA",808.149,461.1161,5.44,41640,270,18207
"180212_Smp_L2C2DCMplus20m_C","Acetyl CoA",808.149,461.1161,5.44,33262,0,13800
"180212_Std_4uMhilicMix4_1","Acetyl CoA",808.149,408.0672,5.4,29341142,393915,15076208
"180212_Std_4uMhilicMix4_2","Acetyl CoA",808.149,408.0672,5.42,51149596,213710,26606984
"180212_Blk_MQBlk_1","Acetyl CoA",808.149,408.0672,5.43,4335,0,1084
"180212_Blk_MQBlk_2","Acetyl CoA",808.149,408.0672,5.41,2458,0,812
"180212_Blk_MQBlk_3","Acetyl CoA",808.149,408.0672,5.44,876,35,697
"180212_Blk_SWBlk_1","Acetyl CoA",808.149,408.0672,5.42,4240,58,1427
"180212_Blk_SWBlk_2","Acetyl CoA",808.149,408.0672,5.46,2678,40,1271
"180212_Blk_SWBlk_3","Acetyl CoA",808.149,408.0672,5.51,2468,0,636
"180212_Poo_TruePoo_Full1","Acetyl CoA",808.149,408.0672,5.44,106820,162,41630
"180212_Poo_TruePoo_Full2","Acetyl CoA",808.149,408.0672,5.43,112026,36,54299
"180212_Poo_TruePoo_Full3","Acetyl CoA",808.149,408.0672,5.43,129890,45,51323
"180212_Poo_TruePoo_Half1","Acetyl CoA",808.149,408.0672,5.43,60390,29,22633
"180212_Poo_TruePoo_Half2","Acetyl CoA",808.149,408.0672,5.42,61992,114,24117
"180212_Poo_TruePoo_Half3","Acetyl CoA",808.149,408.0672,5.44,54607,118,20517
"180212_Smp_L1C32DCMless10m_A","Acetyl CoA",808.149,408.0672,5.42,137481,167,55788
"180212_Smp_L1C32DCMless10m_B","Acetyl CoA",808.149,408.0672,5.43,134070,43,53878
"180212_Smp_L1C32DCMless10m_C","Acetyl CoA",808.149,408.0672,5.44,147416,656,66630
"180212_Smp_L1C32DCMless20m_A","Acetyl CoA",808.149,408.0672,5.43,140809,840,54930
"180212_Smp_L1C32DCMless20m_B","Acetyl CoA",808.149,408.0672,5.44,168588,1681,80666
"180212_Smp_L1C32DCMless20m_C","Acetyl CoA",808.149,408.0672,5.43,191174,61,92298
"180212_Smp_L1C33DCM_A","Acetyl CoA",808.149,408.0672,5.43,137647,2067,56262
"180212_Smp_L1C33DCM_B","Acetyl CoA",808.149,408.0672,5.43,178585,54,79130
"180212_Smp_L1C33DCM_C","Acetyl CoA",808.149,408.0672,5.43,142338,279,54431
"180212_Smp_L1C33DCMplus10m_A","Acetyl CoA",808.149,408.0672,5.45,114818,0,34048
"180212_Smp_L1C33DCMplus10m_B","Acetyl CoA",808.149,408.0672,5.43,122961,61,50746
"180212_Smp_L1C33DCMplus10m_C","Acetyl CoA",808.149,408.0672,5.43,143757,200,57667
"180212_Smp_L1C33DCMplus20m_A","Acetyl CoA",808.149,408.0672,5.43,88956,62,36397
"180212_Smp_L1C33DCMplus20m_B","Acetyl CoA",808.149,408.0672,5.43,85863,117,38752
"180212_Smp_L1C33DCMplus20m_C","Acetyl CoA",808.149,408.0672,5.44,96383,11,34518
"180212_Smp_L2C1DCMless10m_A","Acetyl CoA",808.149,408.0672,5.43,75989,61,29480
"180212_Smp_L2C1DCMless10m_B","Acetyl CoA",808.149,408.0672,5.43,90994,1475,37019
"180212_Smp_L2C1DCMless10m_C","Acetyl CoA",808.149,408.0672,5.43,108136,184,45017
"180212_Smp_L2C1DCMless20m_A","Acetyl CoA",808.149,408.0672,5.43,87823,14,34378
"180212_Smp_L2C1DCMless20m_B","Acetyl CoA",808.149,408.0672,5.43,105304,37,45510
"180212_Smp_L2C1DCMless20m_C","Acetyl CoA",808.149,408.0672,5.43,108312,0,49296
"180212_Smp_L2C2DCM_A","Acetyl CoA",808.149,408.0672,5.43,85842,53,37355
"180212_Smp_L2C2DCM_B","Acetyl CoA",808.149,408.0672,5.44,114037,194,50873
"180212_Smp_L2C2DCM_C","Acetyl CoA",808.149,408.0672,5.44,84450,74,35684
"180212_Smp_L2C2DCMplus10m_A","Acetyl CoA",808.149,408.0672,5.43,70279,0,28028
"180212_Smp_L2C2DCMplus10m_B","Acetyl CoA",808.149,408.0672,5.43,83852,70,37130
"180212_Smp_L2C2DCMplus10m_C","Acetyl CoA",808.149,408.0672,5.44,71909,55,33513
"180212_Smp_L2C2DCMplus20m_A","Acetyl CoA",808.149,408.0672,5.42,49903,58,19315
"180212_Smp_L2C2DCMplus20m_B","Acetyl CoA",808.149,408.0672,5.44,55222,94,20923
"180212_Smp_L2C2DCMplus20m_C","Acetyl CoA",808.149,408.0672,5.44,50365,0,20772
"180212_Std_4uMhilicMix4_1","Crotonyl CoA",834.277,408.067,8.22,5746957,83985,1871139
"180212_Std_4uMhilicMix4_2","Crotonyl CoA",834.277,408.067,8.24,5738620,46570,1473491
"180212_Blk_MQBlk_1","Crotonyl CoA",834.277,408.067,8.25,305,6,256
"180212_Blk_MQBlk_2","Crotonyl CoA",834.277,408.067,8.23,15,0,15
"180212_Blk_MQBlk_3","Crotonyl CoA",834.277,408.067,8.24,13,0,13
"180212_Blk_SWBlk_1","Crotonyl CoA",834.277,408.067,8.21,2,11,7
"180212_Blk_SWBlk_2","Crotonyl CoA",834.277,408.067,8.23,13,12,12
"180212_Blk_SWBlk_3","Crotonyl CoA",834.277,408.067,8.22,27,0,30
"180212_Poo_TruePoo_Full1","Crotonyl CoA",834.277,408.067,8.25,4984,120,1973
"180212_Poo_TruePoo_Full2","Crotonyl CoA",834.277,408.067,8.26,1968,103,923
"180212_Poo_TruePoo_Full3","Crotonyl CoA",834.277,408.067,8.25,4612,24,1769
"180212_Poo_TruePoo_Half1","Crotonyl CoA",834.277,408.067,8.27,2880,0,1206
"180212_Poo_TruePoo_Half2","Crotonyl CoA",834.277,408.067,8.24,2189,20,1250
"180212_Poo_TruePoo_Half3","Crotonyl CoA",834.277,408.067,8.25,2837,0,1659
"180212_Smp_L1C32DCMless10m_A","Crotonyl CoA",834.277,408.067,8.23,3,5,7
"180212_Smp_L1C32DCMless10m_B","Crotonyl CoA",834.277,408.067,8.23,324,19,279
"180212_Smp_L1C32DCMless10m_C","Crotonyl CoA",834.277,408.067,8.23,9,0,11
"180212_Smp_L1C32DCMless20m_A","Crotonyl CoA",834.277,408.067,8.23,213,3,179
"180212_Smp_L1C32DCMless20m_B","Crotonyl CoA",834.277,408.067,8.24,18,8,18
"180212_Smp_L1C32DCMless20m_C","Crotonyl CoA",834.277,408.067,8.24,191,0,238
"180212_Smp_L1C33DCM_A","Crotonyl CoA",834.277,408.067,8.22,30,2,55
"180212_Smp_L1C33DCM_B","Crotonyl CoA",834.277,408.067,8.23,25,8,23
"180212_Smp_L1C33DCM_C","Crotonyl CoA",834.277,408.067,8.24,116,0,155
"180212_Smp_L1C33DCMplus10m_A","Crotonyl CoA",834.277,408.067,8.24,10,0,18
"180212_Smp_L1C33DCMplus10m_B","Crotonyl CoA",834.277,408.067,8.22,3,3,3
"180212_Smp_L1C33DCMplus10m_C","Crotonyl CoA",834.277,408.067,8.24,40,20,87
"180212_Smp_L1C33DCMplus20m_A","Crotonyl CoA",834.277,408.067,8.21,76,21,136
"180212_Smp_L1C33DCMplus20m_B","Crotonyl CoA",834.277,408.067,8.22,5,0,6
"180212_Smp_L1C33DCMplus20m_C","Crotonyl CoA",834.277,408.067,8.23,214,29,438
"180212_Smp_L2C1DCMless10m_A","Crotonyl CoA",834.277,408.067,8.25,30,1,62
"180212_Smp_L2C1DCMless10m_B","Crotonyl CoA",834.277,408.067,8.23,195,0,469
"180212_Smp_L2C1DCMless10m_C","Crotonyl CoA",834.277,408.067,8.24,41,0,37
"180212_Smp_L2C1DCMless20m_A","Crotonyl CoA",834.277,408.067,8.8,320,1,528
"180212_Smp_L2C1DCMless20m_B","Crotonyl CoA",834.277,408.067,8.25,14,0,10
"180212_Smp_L2C1DCMless20m_C","Crotonyl CoA",834.277,408.067,8.26,15,0,12
"180212_Smp_L2C2DCM_A","Crotonyl CoA",834.277,408.067,8.24,19,4,13
"180212_Smp_L2C2DCM_B","Crotonyl CoA",834.277,408.067,8.22,180,9,317
"180212_Smp_L2C2DCM_C","Crotonyl CoA",834.277,408.067,8.23,37,13,98
"180212_Smp_L2C2DCMplus10m_A","Crotonyl CoA",834.277,408.067,8.24,72,7,108
"180212_Smp_L2C2DCMplus10m_B","Crotonyl CoA",834.277,408.067,8.22,22,0,27
"180212_Smp_L2C2DCMplus10m_C","Crotonyl CoA",834.277,408.067,8.24,73,1,139
"180212_Smp_L2C2DCMplus20m_A","Crotonyl CoA",834.277,408.067,8.24,40,5,56
"180212_Smp_L2C2DCMplus20m_B","Crotonyl CoA",834.277,408.067,8.2,19,0,11
"180212_Smp_L2C2DCMplus20m_C","Crotonyl CoA",834.277,408.067,8.24,3,0,5
"180212_Std_4uMhilicMix4_1","Crotonyl CoA",834.277,158.9767,8.22,3870220,44753,1228427
"180212_Std_4uMhilicMix4_2","Crotonyl CoA",834.277,158.9767,8.24,3926994,29700,1014572
"180212_Blk_MQBlk_1","Crotonyl CoA",834.277,158.9767,8.25,261,0,280
"180212_Blk_MQBlk_2","Crotonyl CoA",834.277,158.9767,8.24,18,0,40
"180212_Blk_MQBlk_3","Crotonyl CoA",834.277,158.9767,8.24,3,2,5
"180212_Blk_SWBlk_1","Crotonyl CoA",834.277,158.9767,8.23,65,13,162
"180212_Blk_SWBlk_2","Crotonyl CoA",834.277,158.9767,8.21,24,0,18
"180212_Blk_SWBlk_3","Crotonyl CoA",834.277,158.9767,8.21,15,0,10
"180212_Poo_TruePoo_Full1","Crotonyl CoA",834.277,158.9767,8.23,3832,21,1675
"180212_Poo_TruePoo_Full2","Crotonyl CoA",834.277,158.9767,8.23,1480,0,533
"180212_Poo_TruePoo_Full3","Crotonyl CoA",834.277,158.9767,8.23,2999,28,1138
"180212_Poo_TruePoo_Half1","Crotonyl CoA",834.277,158.9767,8.24,1799,19,864
"180212_Poo_TruePoo_Half2","Crotonyl CoA",834.277,158.9767,8.23,2003,18,930
"180212_Poo_TruePoo_Half3","Crotonyl CoA",834.277,158.9767,8.23,1450,25,805
"180212_Smp_L1C32DCMless10m_A","Crotonyl CoA",834.277,158.9767,8.22,21,5,22
"180212_Smp_L1C32DCMless10m_B","Crotonyl CoA",834.277,158.9767,8.22,128,0,136
"180212_Smp_L1C32DCMless10m_C","Crotonyl CoA",834.277,158.9767,8.24,177,6,251
"180212_Smp_L1C32DCMless20m_A","Crotonyl CoA",834.277,158.9767,8.22,10,6,9
"180212_Smp_L1C32DCMless20m_B","Crotonyl CoA",834.277,158.9767,8.23,231,0,341
"180212_Smp_L1C32DCMless20m_C","Crotonyl CoA",834.277,158.9767,8.23,54,19,180
"180212_Smp_L1C33DCM_A","Crotonyl CoA",834.277,158.9767,8.22,84,0,108
"180212_Smp_L1C33DCM_B","Crotonyl CoA",834.277,158.9767,8.23,125,3,223
"180212_Smp_L1C33DCM_C","Crotonyl CoA",834.277,158.9767,8.23,78,0,93
"180212_Smp_L1C33DCMplus10m_A","Crotonyl CoA",834.277,158.9767,8.22,2,1,4
"180212_Smp_L1C33DCMplus10m_B","Crotonyl CoA",834.277,158.9767,8.24,60,0,95
"180212_Smp_L1C33DCMplus10m_C","Crotonyl CoA",834.277,158.9767,8.23,276,0,455
"180212_Smp_L1C33DCMplus20m_A","Crotonyl CoA",834.277,158.9767,8.24,182,0,142
"180212_Smp_L1C33DCMplus20m_B","Crotonyl CoA",834.277,158.9767,8.22,23,2,47
"180212_Smp_L1C33DCMplus20m_C","Crotonyl CoA",834.277,158.9767,8.23,43,2,81
"180212_Smp_L2C1DCMless10m_A","Crotonyl CoA",834.277,158.9767,8.23,23,0,24
"180212_Smp_L2C1DCMless10m_B","Crotonyl CoA",834.277,158.9767,8.23,20,1,43
"180212_Smp_L2C1DCMless10m_C","Crotonyl CoA",834.277,158.9767,8.23,105,11,195
"180212_Smp_L2C1DCMless20m_A","Crotonyl CoA",834.277,158.9767,8.79,1,4,6
"180212_Smp_L2C1DCMless20m_B","Crotonyl CoA",834.277,158.9767,8.24,32,16,0
"180212_Smp_L2C1DCMless20m_C","Crotonyl CoA",834.277,158.9767,8.23,35,0,13
"180212_Smp_L2C2DCM_A","Crotonyl CoA",834.277,158.9767,8.25,24,16,18
"180212_Smp_L2C2DCM_B","Crotonyl CoA",834.277,158.9767,8.23,67,0,93
"180212_Smp_L2C2DCM_C","Crotonyl CoA",834.277,158.9767,8.22,42,0,74
"180212_Smp_L2C2DCMplus10m_A","Crotonyl CoA",834.277,158.9767,8.24,17,5,21
"180212_Smp_L2C2DCMplus10m_B","Crotonyl CoA",834.277,158.9767,8.21,8,6,7
"180212_Smp_L2C2DCMplus10m_C","Crotonyl CoA",834.277,158.9767,8.23,217,0,470
"180212_Smp_L2C2DCMplus20m_A","Crotonyl CoA",834.277,158.9767,8.24,209,4,257
"180212_Smp_L2C2DCMplus20m_B","Crotonyl CoA",834.277,158.9767,8.19,77,32,425
"180212_Smp_L2C2DCMplus20m_C","Crotonyl CoA",834.277,158.9767,8.23,2,0,5
"180212_Std_4uMhilicMix4_1","Hydroxybutyryl CoA",852.1043,425.8855,5.81,2804994,22123,1096751
"180212_Std_4uMhilicMix4_2","Hydroxybutyryl CoA",852.1043,425.8855,5.83,3155732,52021,1162935
"180212_Blk_MQBlk_1","Hydroxybutyryl CoA",852.1043,425.8855,5.83,16,0,6
"180212_Blk_MQBlk_2","Hydroxybutyryl CoA",852.1043,425.8855,5.83,4,0,6
"180212_Blk_MQBlk_3","Hydroxybutyryl CoA",852.1043,425.8855,5.82,7,2,9
"180212_Blk_SWBlk_1","Hydroxybutyryl CoA",852.1043,425.8855,5.81,33,0,13
"180212_Blk_SWBlk_2","Hydroxybutyryl CoA",852.1043,425.8855,5.82,2,26,2
"180212_Blk_SWBlk_3","Hydroxybutyryl CoA",852.1043,425.8855,5.81,44,0,26
"180212_Poo_TruePoo_Full1","Hydroxybutyryl CoA",852.1043,425.8855,5.87,2814,0,649
"180212_Poo_TruePoo_Full2","Hydroxybutyryl CoA",852.1043,425.8855,5.83,1488,54,929
"180212_Poo_TruePoo_Full3","Hydroxybutyryl CoA",852.1043,425.8855,5.83,2394,3,1001
"180212_Poo_TruePoo_Half1","Hydroxybutyryl CoA",852.1043,425.8855,5.84,1239,25,849
"180212_Poo_TruePoo_Half2","Hydroxybutyryl CoA",852.1043,425.8855,5.83,715,50,394
"180212_Poo_TruePoo_Half3","Hydroxybutyryl CoA",852.1043,425.8855,5.84,395,0,197
"180212_Smp_L1C32DCMless10m_A","Hydroxybutyryl CoA",852.1043,425.8855,5.79,100,33,57
"180212_Smp_L1C32DCMless10m_B","Hydroxybutyryl CoA",852.1043,425.8855,5.85,180,18,162
"180212_Smp_L1C32DCMless10m_C","Hydroxybutyryl CoA",852.1043,425.8855,5.83,1932,20,1242
"180212_Smp_L1C32DCMless20m_A","Hydroxybutyryl CoA",852.1043,425.8855,5.81,70,1,50
"180212_Smp_L1C32DCMless20m_B","Hydroxybutyryl CoA",852.1043,425.8855,5.84,1096,30,704
"180212_Smp_L1C32DCMless20m_C","Hydroxybutyryl CoA",852.1043,425.8855,5.84,1534,6,663
"180212_Smp_L1C33DCM_A","Hydroxybutyryl CoA",852.1043,425.8855,5.83,1504,12,775
"180212_Smp_L1C33DCM_B","Hydroxybutyryl CoA",852.1043,425.8855,5.84,775,3,496
"180212_Smp_L1C33DCM_C","Hydroxybutyryl CoA",852.1043,425.8855,5.84,752,31,348
"180212_Smp_L1C33DCMplus10m_A","Hydroxybutyryl CoA",852.1043,425.8855,5.86,152,19,139
"180212_Smp_L1C33DCMplus10m_B","Hydroxybutyryl CoA",852.1043,425.8855,5.84,425,30,323
"180212_Smp_L1C33DCMplus10m_C","Hydroxybutyryl CoA",852.1043,425.8855,5.84,121,54,103
"180212_Smp_L1C33DCMplus20m_A","Hydroxybutyryl CoA",852.1043,425.8855,5.83,15,19,11
"180212_Smp_L1C33DCMplus20m_B","Hydroxybutyryl CoA",852.1043,425.8855,5.85,622,4,315
"180212_Smp_L1C33DCMplus20m_C","Hydroxybutyryl CoA",852.1043,425.8855,5.84,1327,43,868
"180212_Smp_L2C1DCMless10m_A","Hydroxybutyryl CoA",852.1043,425.8855,5.8,124,69,153
"180212_Smp_L2C1DCMless10m_B","Hydroxybutyryl CoA",852.1043,425.8855,5.85,62,7,38
"180212_Smp_L2C1DCMless10m_C","Hydroxybutyryl CoA",852.1043,425.8855,5.83,776,15,508
"180212_Smp_L2C1DCMless20m_A","Hydroxybutyryl CoA",852.1043,425.8855,5.87,707,5,305
"180212_Smp_L2C1DCMless20m_B","Hydroxybutyryl CoA",852.1043,425.8855,5.86,643,65,431
"180212_Smp_L2C1DCMless20m_C","Hydroxybutyryl CoA",852.1043,425.8855,5.84,130,23,97
"180212_Smp_L2C2DCM_A","Hydroxybutyryl CoA",852.1043,425.8855,5.85,1619,0,499
"180212_Smp_L2C2DCM_B","Hydroxybutyryl CoA",852.1043,425.8855,5.78,13,0,8
"180212_Smp_L2C2DCM_C","Hydroxybutyryl CoA",852.1043,425.8855,5.84,462,23,358
"180212_Smp_L2C2DCMplus10m_A","Hydroxybutyryl CoA",852.1043,425.8855,5.84,383,60,259
"180212_Smp_L2C2DCMplus10m_B","Hydroxybutyryl CoA",852.1043,425.8855,5.83,483,25,179
"180212_Smp_L2C2DCMplus10m_C","Hydroxybutyryl CoA",852.1043,425.8855,5.84,1695,26,838
"180212_Smp_L2C2DCMplus20m_A","Hydroxybutyryl CoA",852.1043,425.8855,5.83,901,18,611
"180212_Smp_L2C2DCMplus20m_B","Hydroxybutyryl CoA",852.1043,425.8855,5.84,352,0,236
"180212_Smp_L2C2DCMplus20m_C","Hydroxybutyryl CoA",852.1043,425.8855,5.84,36,2,37
"180212_Std_4uMhilicMix4_1","Hydroxybutyryl CoA",852.1043,158.902,5.81,3599416,35472,1394148
"180212_Std_4uMhilicMix4_2","Hydroxybutyryl CoA",852.1043,158.902,5.83,4325047,62669,1547240
"180212_Blk_MQBlk_1","Hydroxybutyryl CoA",852.1043,158.902,5.81,0,0,0
"180212_Blk_MQBlk_2","Hydroxybutyryl CoA",852.1043,158.902,5.82,5,0,5
"180212_Blk_MQBlk_3","Hydroxybutyryl CoA",852.1043,158.902,5.81,38,0,24
"180212_Blk_SWBlk_1","Hydroxybutyryl CoA",852.1043,158.902,5.79,25,23,13
"180212_Blk_SWBlk_2","Hydroxybutyryl CoA",852.1043,158.902,5.78,56,2,21
"180212_Blk_SWBlk_3","Hydroxybutyryl CoA",852.1043,158.902,5.76,0,25,0
"180212_Poo_TruePoo_Full1","Hydroxybutyryl CoA",852.1043,158.902,5.84,2935,25,820
"180212_Poo_TruePoo_Full2","Hydroxybutyryl CoA",852.1043,158.902,5.87,1840,20,931
"180212_Poo_TruePoo_Full3","Hydroxybutyryl CoA",852.1043,158.902,5.84,3508,27,1977
"180212_Poo_TruePoo_Half1","Hydroxybutyryl CoA",852.1043,158.902,5.83,2088,13,887
"180212_Poo_TruePoo_Half2","Hydroxybutyryl CoA",852.1043,158.902,5.83,2771,0,1391
"180212_Poo_TruePoo_Half3","Hydroxybutyryl CoA",852.1043,158.902,5.84,2638,0,1454
"180212_Smp_L1C32DCMless10m_A","Hydroxybutyryl CoA",852.1043,158.902,5.83,1266,27,786
"180212_Smp_L1C32DCMless10m_B","Hydroxybutyryl CoA",852.1043,158.902,5.83,1792,1,884
"180212_Smp_L1C32DCMless10m_C","Hydroxybutyryl CoA",852.1043,158.902,5.86,1258,18,604
"180212_Smp_L1C32DCMless20m_A","Hydroxybutyryl CoA",852.1043,158.902,5.81,1242,44,395
"180212_Smp_L1C32DCMless20m_B","Hydroxybutyryl CoA",852.1043,158.902,5.83,4017,24,1595
"180212_Smp_L1C32DCMless20m_C","Hydroxybutyryl CoA",852.1043,158.902,5.84,1248,14,705
"180212_Smp_L1C33DCM_A","Hydroxybutyryl CoA",852.1043,158.902,5.82,1401,1,609
"180212_Smp_L1C33DCM_B","Hydroxybutyryl CoA",852.1043,158.902,5.85,1191,21,604
"180212_Smp_L1C33DCM_C","Hydroxybutyryl CoA",852.1043,158.902,5.84,1183,27,597
"180212_Smp_L1C33DCMplus10m_A","Hydroxybutyryl CoA",852.1043,158.902,5.85,131,7,119
"180212_Smp_L1C33DCMplus10m_B","Hydroxybutyryl CoA",852.1043,158.902,5.84,2425,24,1066
"180212_Smp_L1C33DCMplus10m_C","Hydroxybutyryl CoA",852.1043,158.902,5.83,2285,19,1080
"180212_Smp_L1C33DCMplus20m_A","Hydroxybutyryl CoA",852.1043,158.902,5.83,288,20,148
"180212_Smp_L1C33DCMplus20m_B","Hydroxybutyryl CoA",852.1043,158.902,5.85,1108,0,452
"180212_Smp_L1C33DCMplus20m_C","Hydroxybutyryl CoA",852.1043,158.902,5.85,867,58,584
"180212_Smp_L2C1DCMless10m_A","Hydroxybutyryl CoA",852.1043,158.902,5.84,2277,15,935
"180212_Smp_L2C1DCMless10m_B","Hydroxybutyryl CoA",852.1043,158.902,5.83,972,26,394
"180212_Smp_L2C1DCMless10m_C","Hydroxybutyryl CoA",852.1043,158.902,5.83,1834,0,880
"180212_Smp_L2C1DCMless20m_A","Hydroxybutyryl CoA",852.1043,158.902,5.84,862,2,496
"180212_Smp_L2C1DCMless20m_B","Hydroxybutyryl CoA",852.1043,158.902,5.89,706,35,271
"180212_Smp_L2C1DCMless20m_C","Hydroxybutyryl CoA",852.1043,158.902,5.87,1752,0,771
"180212_Smp_L2C2DCM_A","Hydroxybutyryl CoA",852.1043,158.902,5.86,2993,10,574
"180212_Smp_L2C2DCM_B","Hydroxybutyryl CoA",852.1043,158.902,5.8,259,6,232
"180212_Smp_L2C2DCM_C","Hydroxybutyryl CoA",852.1043,158.902,5.84,511,12,264
"180212_Smp_L2C2DCMplus10m_A","Hydroxybutyryl CoA",852.1043,158.902,5.83,518,10,242
"180212_Smp_L2C2DCMplus10m_B","Hydroxybutyryl CoA",852.1043,158.902,5.83,1008,0,583
"180212_Smp_L2C2DCMplus10m_C","Hydroxybutyryl CoA",852.1043,158.902,5.84,1474,34,663
"180212_Smp_L2C2DCMplus20m_A","Hydroxybutyryl CoA",852.1043,158.902,5.83,586,39,310
"180212_Smp_L2C2DCMplus20m_B","Hydroxybutyryl CoA",852.1043,158.902,5.84,1130,37,626
"180212_Smp_L2C2DCMplus20m_C","Hydroxybutyryl CoA",852.1043,158.902,5.83,673,2,525
"180212_Std_4uMhilicMix4_1","Malonyl CoA",852.1053,808.0725,2.76,3929229,36900,1531779
"180212_Std_4uMhilicMix4_2","Malonyl CoA",852.1053,808.0725,2.78,6291893,59458,2462945
"180212_Blk_MQBlk_1","Malonyl CoA",852.1053,808.0725,2.8,764,23,376
"180212_Blk_MQBlk_2","Malonyl CoA",852.1053,808.0725,2.78,623,8,298
"180212_Blk_MQBlk_3","Malonyl CoA",852.1053,808.0725,2.75,83,6,55
"180212_Blk_SWBlk_1","Malonyl CoA",852.1053,808.0725,2.82,1139,23,452
"180212_Blk_SWBlk_2","Malonyl CoA",852.1053,808.0725,2.78,442,0,299
"180212_Blk_SWBlk_3","Malonyl CoA",852.1053,808.0725,2.77,1426,27,618
"180212_Poo_TruePoo_Full1","Malonyl CoA",852.1053,808.0725,2.95,11715,75,4235
"180212_Poo_TruePoo_Full2","Malonyl CoA",852.1053,808.0725,2.93,7139,52,2537
"180212_Poo_TruePoo_Full3","Malonyl CoA",852.1053,808.0725,2.96,9884,88,3098
"180212_Poo_TruePoo_Half1","Malonyl CoA",852.1053,808.0725,2.94,12327,19,4393
"180212_Poo_TruePoo_Half2","Malonyl CoA",852.1053,808.0725,2.93,10669,215,5869
"180212_Poo_TruePoo_Half3","Malonyl CoA",852.1053,808.0725,2.94,12310,124,4586
"180212_Smp_L1C32DCMless10m_A","Malonyl CoA",852.1053,808.0725,2.95,4378,109,1689
"180212_Smp_L1C32DCMless10m_B","Malonyl CoA",852.1053,808.0725,2.96,5406,487,1561
"180212_Smp_L1C32DCMless10m_C","Malonyl CoA",852.1053,808.0725,2.94,5267,1022,2525
"180212_Smp_L1C32DCMless20m_A","Malonyl CoA",852.1053,808.0725,2.94,4337,191,1364
"180212_Smp_L1C32DCMless20m_B","Malonyl CoA",852.1053,808.0725,2.96,4781,141,1791
"180212_Smp_L1C32DCMless20m_C","Malonyl CoA",852.1053,808.0725,2.94,6896,421,2184
"180212_Smp_L1C33DCM_A","Malonyl CoA",852.1053,808.0725,2.93,5771,449,2565
"180212_Smp_L1C33DCM_B","Malonyl CoA",852.1053,808.0725,2.94,7182,310,2761
"180212_Smp_L1C33DCM_C","Malonyl CoA",852.1053,808.0725,2.95,4924,46,1723
"180212_Smp_L1C33DCMplus10m_A","Malonyl CoA",852.1053,808.0725,3,3619,13,988
"180212_Smp_L1C33DCMplus10m_B","Malonyl CoA",852.1053,808.0725,2.95,3861,749,1544
"180212_Smp_L1C33DCMplus10m_C","Malonyl CoA",852.1053,808.0725,2.94,6590,444,2703
"180212_Smp_L1C33DCMplus20m_A","Malonyl CoA",852.1053,808.0725,2.94,3871,573,1537
"180212_Smp_L1C33DCMplus20m_B","Malonyl CoA",852.1053,808.0725,2.95,4640,856,1892
"180212_Smp_L1C33DCMplus20m_C","Malonyl CoA",852.1053,808.0725,2.96,5989,204,2151
"180212_Smp_L2C1DCMless10m_A","Malonyl CoA",852.1053,808.0725,2.95,5750,199,3095
"180212_Smp_L2C1DCMless10m_B","Malonyl CoA",852.1053,808.0725,2.94,5125,1419,2807
"180212_Smp_L2C1DCMless10m_C","Malonyl CoA",852.1053,808.0725,2.95,5530,385,2773
"180212_Smp_L2C1DCMless20m_A","Malonyl CoA",852.1053,808.0725,2.96,5810,42,2388
"180212_Smp_L2C1DCMless20m_B","Malonyl CoA",852.1053,808.0725,2.94,7041,807,3349
"180212_Smp_L2C1DCMless20m_C","Malonyl CoA",852.1053,808.0725,2.94,4629,1109,1297
"180212_Smp_L2C2DCM_A","Malonyl CoA",852.1053,808.0725,2.95,2320,843,695
"180212_Smp_L2C2DCM_B","Malonyl CoA",852.1053,808.0725,2.94,5408,1064,2228
"180212_Smp_L2C2DCM_C","Malonyl CoA",852.1053,808.0725,2.94,5289,39,1417
"180212_Smp_L2C2DCMplus10m_A","Malonyl CoA",852.1053,808.0725,2.94,5091,602,2252
"180212_Smp_L2C2DCMplus10m_B","Malonyl CoA",852.1053,808.0725,2.93,5653,1014,1475
"180212_Smp_L2C2DCMplus10m_C","Malonyl CoA",852.1053,808.0725,2.95,4155,121,1740
"180212_Smp_L2C2DCMplus20m_A","Malonyl CoA",852.1053,808.0725,2.94,3182,60,1181
"180212_Smp_L2C2DCMplus20m_B","Malonyl CoA",852.1053,808.0725,2.96,3889,495,1882
"180212_Smp_L2C2DCMplus20m_C","Malonyl CoA",852.1053,808.0725,2.94,3893,273,1716
"180212_Std_4uMhilicMix4_1","Malonyl CoA",852.1053,408.0135,2.76,1878338,16199,722121
"180212_Std_4uMhilicMix4_2","Malonyl CoA",852.1053,408.0135,2.79,3176789,18298,1211401
"180212_Blk_MQBlk_1","Malonyl CoA",852.1053,408.0135,2.77,37,0,19
"180212_Blk_MQBlk_2","Malonyl CoA",852.1053,408.0135,2.81,10,24,12
"180212_Blk_MQBlk_3","Malonyl CoA",852.1053,408.0135,2.72,2,14,5
"180212_Blk_SWBlk_1","Malonyl CoA",852.1053,408.0135,2.81,34,4,18
"180212_Blk_SWBlk_2","Malonyl CoA",852.1053,408.0135,2.81,11,12,8
"180212_Blk_SWBlk_3","Malonyl CoA",852.1053,408.0135,2.76,8,26,5
"180212_Poo_TruePoo_Full1","Malonyl CoA",852.1053,408.0135,2.95,6657,20,2443
"180212_Poo_TruePoo_Full2","Malonyl CoA",852.1053,408.0135,2.94,3193,7,1553
"180212_Poo_TruePoo_Full3","Malonyl CoA",852.1053,408.0135,2.95,6424,50,3215
"180212_Poo_TruePoo_Half1","Malonyl CoA",852.1053,408.0135,2.93,5501,26,2555
"180212_Poo_TruePoo_Half2","Malonyl CoA",852.1053,408.0135,2.93,4046,0,1903
"180212_Poo_TruePoo_Half3","Malonyl CoA",852.1053,408.0135,2.94,5054,42,2848
"180212_Smp_L1C32DCMless10m_A","Malonyl CoA",852.1053,408.0135,2.94,1492,65,747
"180212_Smp_L1C32DCMless10m_B","Malonyl CoA",852.1053,408.0135,2.95,2105,20,1361
"180212_Smp_L1C32DCMless10m_C","Malonyl CoA",852.1053,408.0135,2.94,3201,100,2132
"180212_Smp_L1C32DCMless20m_A","Malonyl CoA",852.1053,408.0135,2.95,1663,68,1004
"180212_Smp_L1C32DCMless20m_B","Malonyl CoA",852.1053,408.0135,2.93,2319,13,1009
"180212_Smp_L1C32DCMless20m_C","Malonyl CoA",852.1053,408.0135,2.95,1717,43,861
"180212_Smp_L1C33DCM_A","Malonyl CoA",852.1053,408.0135,2.94,1662,38,847
"180212_Smp_L1C33DCM_B","Malonyl CoA",852.1053,408.0135,2.95,2431,31,1346
"180212_Smp_L1C33DCM_C","Malonyl CoA",852.1053,408.0135,2.95,2793,79,1164
"180212_Smp_L1C33DCMplus10m_A","Malonyl CoA",852.1053,408.0135,3,725,31,273
"180212_Smp_L1C33DCMplus10m_B","Malonyl CoA",852.1053,408.0135,2.94,1064,42,540
"180212_Smp_L1C33DCMplus10m_C","Malonyl CoA",852.1053,408.0135,2.96,3317,37,1859
"180212_Smp_L1C33DCMplus20m_A","Malonyl CoA",852.1053,408.0135,2.96,1235,26,553
"180212_Smp_L1C33DCMplus20m_B","Malonyl CoA",852.1053,408.0135,2.95,1881,26,851
"180212_Smp_L1C33DCMplus20m_C","Malonyl CoA",852.1053,408.0135,2.94,1460,33,919
"180212_Smp_L2C1DCMless10m_A","Malonyl CoA",852.1053,408.0135,2.95,1811,42,937
"180212_Smp_L2C1DCMless10m_B","Malonyl CoA",852.1053,408.0135,2.96,1797,11,795
"180212_Smp_L2C1DCMless10m_C","Malonyl CoA",852.1053,408.0135,2.96,1477,40,793
"180212_Smp_L2C1DCMless20m_A","Malonyl CoA",852.1053,408.0135,2.96,1966,52,1243
"180212_Smp_L2C1DCMless20m_B","Malonyl CoA",852.1053,408.0135,2.94,2675,21,1027
"180212_Smp_L2C1DCMless20m_C","Malonyl CoA",852.1053,408.0135,2.97,1163,56,476
"180212_Smp_L2C2DCM_A","Malonyl CoA",852.1053,408.0135,2.95,1585,53,902
"180212_Smp_L2C2DCM_B","Malonyl CoA",852.1053,408.0135,2.96,1910,14,838
"180212_Smp_L2C2DCM_C","Malonyl CoA",852.1053,408.0135,2.94,2465,33,1474
"180212_Smp_L2C2DCMplus10m_A","Malonyl CoA",852.1053,408.0135,2.94,960,34,520
"180212_Smp_L2C2DCMplus10m_B","Malonyl CoA",852.1053,408.0135,2.93,1049,33,500
"180212_Smp_L2C2DCMplus10m_C","Malonyl CoA",852.1053,408.0135,2.96,1307,0,536
"180212_Smp_L2C2DCMplus20m_A","Malonyl CoA",852.1053,408.0135,2.97,708,40,392
"180212_Smp_L2C2DCMplus20m_B","Malonyl CoA",852.1053,408.0135,2.95,2017,14,955
"180212_Smp_L2C2DCMplus20m_C","Malonyl CoA",852.1053,408.0135,2.96,537,58,286
"180212_Std_4uMhilicMix4_1","Methyl Malonyl CoA",866.1109,822.1345,3.79,8158231,43891,4003059
"180212_Std_4uMhilicMix4_2","Methyl Malonyl CoA",866.1109,822.1345,3.82,13728504,100152,7139667
"180212_Blk_MQBlk_1","Methyl Malonyl CoA",866.1109,822.1345,3.82,3476,291,1372
"180212_Blk_MQBlk_2","Methyl Malonyl CoA",866.1109,822.1345,3.8,11,0,7
"180212_Blk_MQBlk_3","Methyl Malonyl CoA",866.1109,822.1345,3.81,102,19,61
"180212_Blk_SWBlk_1","Methyl Malonyl CoA",866.1109,822.1345,3.78,378,0,357
"180212_Blk_SWBlk_2","Methyl Malonyl CoA",866.1109,822.1345,3.78,283,6,235
"180212_Blk_SWBlk_3","Methyl Malonyl CoA",866.1109,822.1345,3.82,207,5,165
"180212_Poo_TruePoo_Full1","Methyl Malonyl CoA",866.1109,822.1345,3.85,23765,47,8884
"180212_Poo_TruePoo_Full2","Methyl Malonyl CoA",866.1109,822.1345,3.84,11292,181,3986
"180212_Poo_TruePoo_Full3","Methyl Malonyl CoA",866.1109,822.1345,3.86,19072,218,8106
"180212_Poo_TruePoo_Half1","Methyl Malonyl CoA",866.1109,822.1345,3.85,17170,126,6589
"180212_Poo_TruePoo_Half2","Methyl Malonyl CoA",866.1109,822.1345,3.85,16465,54,6255
"180212_Poo_TruePoo_Half3","Methyl Malonyl CoA",866.1109,822.1345,3.85,16504,39,6477
"180212_Smp_L1C32DCMless10m_A","Methyl Malonyl CoA",866.1109,822.1345,3.85,9121,83,5373
"180212_Smp_L1C32DCMless10m_B","Methyl Malonyl CoA",866.1109,822.1345,3.85,7633,0,3315
"180212_Smp_L1C32DCMless10m_C","Methyl Malonyl CoA",866.1109,822.1345,3.85,9134,107,4727
"180212_Smp_L1C32DCMless20m_A","Methyl Malonyl CoA",866.1109,822.1345,3.86,6539,42,2728
"180212_Smp_L1C32DCMless20m_B","Methyl Malonyl CoA",866.1109,822.1345,3.86,9951,17,4401
"180212_Smp_L1C32DCMless20m_C","Methyl Malonyl CoA",866.1109,822.1345,3.86,12866,45,5305
"180212_Smp_L1C33DCM_A","Methyl Malonyl CoA",866.1109,822.1345,3.85,8292,26,3224
"180212_Smp_L1C33DCM_B","Methyl Malonyl CoA",866.1109,822.1345,3.85,9927,195,4527
"180212_Smp_L1C33DCM_C","Methyl Malonyl CoA",866.1109,822.1345,3.85,4829,0,1810
"180212_Smp_L1C33DCMplus10m_A","Methyl Malonyl CoA",866.1109,822.1345,3.87,7720,0,2146
"180212_Smp_L1C33DCMplus10m_B","Methyl Malonyl CoA",866.1109,822.1345,3.86,11063,10,5271
"180212_Smp_L1C33DCMplus10m_C","Methyl Malonyl CoA",866.1109,822.1345,3.85,6327,57,2310
"180212_Smp_L1C33DCMplus20m_A","Methyl Malonyl CoA",866.1109,822.1345,3.85,3797,34,1923
"180212_Smp_L1C33DCMplus20m_B","Methyl Malonyl CoA",866.1109,822.1345,3.86,6194,10,2374
"180212_Smp_L1C33DCMplus20m_C","Methyl Malonyl CoA",866.1109,822.1345,3.85,7270,109,3361
"180212_Smp_L2C1DCMless10m_A","Methyl Malonyl CoA",866.1109,822.1345,3.86,9835,0,4082
"180212_Smp_L2C1DCMless10m_B","Methyl Malonyl CoA",866.1109,822.1345,3.85,8159,592,4046
"180212_Smp_L2C1DCMless10m_C","Methyl Malonyl CoA",866.1109,822.1345,3.86,6794,4,3217
"180212_Smp_L2C1DCMless20m_A","Methyl Malonyl CoA",866.1109,822.1345,3.86,9427,298,4766
"180212_Smp_L2C1DCMless20m_B","Methyl Malonyl CoA",866.1109,822.1345,3.85,6497,0,2164
"180212_Smp_L2C1DCMless20m_C","Methyl Malonyl CoA",866.1109,822.1345,3.86,6587,71,2045
"180212_Smp_L2C2DCM_A","Methyl Malonyl CoA",866.1109,822.1345,3.86,3139,76,1408
"180212_Smp_L2C2DCM_B","Methyl Malonyl CoA",866.1109,822.1345,3.86,8759,39,3863
"180212_Smp_L2C2DCM_C","Methyl Malonyl CoA",866.1109,822.1345,3.87,9239,68,4456
"180212_Smp_L2C2DCMplus10m_A","Methyl Malonyl CoA",866.1109,822.1345,3.85,1744,78,835
"180212_Smp_L2C2DCMplus10m_B","Methyl Malonyl CoA",866.1109,822.1345,3.85,6428,0,2539
"180212_Smp_L2C2DCMplus10m_C","Methyl Malonyl CoA",866.1109,822.1345,3.85,7304,60,2139
"180212_Smp_L2C2DCMplus20m_A","Methyl Malonyl CoA",866.1109,822.1345,3.86,1567,71,880
"180212_Smp_L2C2DCMplus20m_B","Methyl Malonyl CoA",866.1109,822.1345,3.86,5899,0,3449
"180212_Smp_L2C2DCMplus20m_C","Methyl Malonyl CoA",866.1109,822.1345,3.85,6087,75,2338
"180212_Std_4uMhilicMix4_1","Methyl Malonyl CoA",866.1109,407.964,3.79,3526387,51485,1667039
"180212_Std_4uMhilicMix4_2","Methyl Malonyl CoA",866.1109,407.964,3.82,6291952,105697,3405936
"180212_Blk_MQBlk_1","Methyl Malonyl CoA",866.1109,407.964,3.83,774,0,280
"180212_Blk_MQBlk_2","Methyl Malonyl CoA",866.1109,407.964,3.83,9,16,7
"180212_Blk_MQBlk_3","Methyl Malonyl CoA",866.1109,407.964,3.8,8,0,6
"180212_Blk_SWBlk_1","Methyl Malonyl CoA",866.1109,407.964,3.78,3,13,5
"180212_Blk_SWBlk_2","Methyl Malonyl CoA",866.1109,407.964,3.77,69,0,18
"180212_Blk_SWBlk_3","Methyl Malonyl CoA",866.1109,407.964,3.8,29,0,7
"180212_Poo_TruePoo_Full1","Methyl Malonyl CoA",866.1109,407.964,3.87,9331,0,3371
"180212_Poo_TruePoo_Full2","Methyl Malonyl CoA",866.1109,407.964,3.85,6150,5,3210
"180212_Poo_TruePoo_Full3","Methyl Malonyl CoA",866.1109,407.964,3.86,9115,13,4833
"180212_Poo_TruePoo_Half1","Methyl Malonyl CoA",866.1109,407.964,3.86,6851,39,2192
"180212_Poo_TruePoo_Half2","Methyl Malonyl CoA",866.1109,407.964,3.86,5699,4,3016
"180212_Poo_TruePoo_Half3","Methyl Malonyl CoA",866.1109,407.964,3.85,5361,40,1980
"180212_Smp_L1C32DCMless10m_A","Methyl Malonyl CoA",866.1109,407.964,3.84,3130,66,1504
"180212_Smp_L1C32DCMless10m_B","Methyl Malonyl CoA",866.1109,407.964,3.85,3540,35,1376
"180212_Smp_L1C32DCMless10m_C","Methyl Malonyl CoA",866.1109,407.964,3.86,3669,0,1815
"180212_Smp_L1C32DCMless20m_A","Methyl Malonyl CoA",866.1109,407.964,3.85,4939,95,1713
"180212_Smp_L1C32DCMless20m_B","Methyl Malonyl CoA",866.1109,407.964,3.87,4960,23,2389
"180212_Smp_L1C32DCMless20m_C","Methyl Malonyl CoA",866.1109,407.964,3.85,6595,4,3500
"180212_Smp_L1C33DCM_A","Methyl Malonyl CoA",866.1109,407.964,3.85,1230,29,582
"180212_Smp_L1C33DCM_B","Methyl Malonyl CoA",866.1109,407.964,3.86,7720,26,3536
"180212_Smp_L1C33DCM_C","Methyl Malonyl CoA",866.1109,407.964,3.86,2730,79,1307
"180212_Smp_L1C33DCMplus10m_A","Methyl Malonyl CoA",866.1109,407.964,3.93,2561,0,729
"180212_Smp_L1C33DCMplus10m_B","Methyl Malonyl CoA",866.1109,407.964,3.85,4611,0,2777
"180212_Smp_L1C33DCMplus10m_C","Methyl Malonyl CoA",866.1109,407.964,3.86,2406,101,1217
"180212_Smp_L1C33DCMplus20m_A","Methyl Malonyl CoA",866.1109,407.964,3.86,620,67,326
"180212_Smp_L1C33DCMplus20m_B","Methyl Malonyl CoA",866.1109,407.964,3.86,2473,99,1605
"180212_Smp_L1C33DCMplus20m_C","Methyl Malonyl CoA",866.1109,407.964,3.85,1359,4,523
"180212_Smp_L2C1DCMless10m_A","Methyl Malonyl CoA",866.1109,407.964,3.85,2414,27,1544
"180212_Smp_L2C1DCMless10m_B","Methyl Malonyl CoA",866.1109,407.964,3.85,5286,69,2516
"180212_Smp_L2C1DCMless10m_C","Methyl Malonyl CoA",866.1109,407.964,3.86,2789,54,1491
"180212_Smp_L2C1DCMless20m_A","Methyl Malonyl CoA",866.1109,407.964,3.86,4310,18,1803
"180212_Smp_L2C1DCMless20m_B","Methyl Malonyl CoA",866.1109,407.964,3.87,2706,8,1227
"180212_Smp_L2C1DCMless20m_C","Methyl Malonyl CoA",866.1109,407.964,3.86,2999,90,1448
"180212_Smp_L2C2DCM_A","Methyl Malonyl CoA",866.1109,407.964,3.86,1037,28,708
"180212_Smp_L2C2DCM_B","Methyl Malonyl CoA",866.1109,407.964,3.85,1986,40,825
"180212_Smp_L2C2DCM_C","Methyl Malonyl CoA",866.1109,407.964,3.86,4515,69,2960
"180212_Smp_L2C2DCMplus10m_A","Methyl Malonyl CoA",866.1109,407.964,3.84,979,77,552
"180212_Smp_L2C2DCMplus10m_B","Methyl Malonyl CoA",866.1109,407.964,3.9,1232,0,327
"180212_Smp_L2C2DCMplus10m_C","Methyl Malonyl CoA",866.1109,407.964,3.86,803,0,388
"180212_Smp_L2C2DCMplus20m_A","Methyl Malonyl CoA",866.1109,407.964,3.87,2293,71,1022
"180212_Smp_L2C2DCMplus20m_B","Methyl Malonyl CoA",866.1109,407.964,3.87,1125,53,532
"180212_Smp_L2C2DCMplus20m_C","Methyl Malonyl CoA",866.1109,407.964,3.87,3154,12,1553
"180212_Std_4uMhilicMix4_1","Propionyl CoA",822.277,475.1986,7.12,4113774,303,1329191
"180212_Std_4uMhilicMix4_2","Propionyl CoA",822.277,475.1986,7.15,4998207,64551,1486946
"180212_Blk_MQBlk_1","Propionyl CoA",822.277,475.1986,7.17,579,2,487
"180212_Blk_MQBlk_2","Propionyl CoA",822.277,475.1986,7.13,8,0,9
"180212_Blk_MQBlk_3","Propionyl CoA",822.277,475.1986,7.14,5,0,6
"180212_Blk_SWBlk_1","Propionyl CoA",822.277,475.1986,7.14,67,0,188
"180212_Blk_SWBlk_2","Propionyl CoA",822.277,475.1986,7.11,8,0,15
"180212_Blk_SWBlk_3","Propionyl CoA",822.277,475.1986,7.14,22,0,17
"180212_Poo_TruePoo_Full1","Propionyl CoA",822.277,475.1986,7.13,7191,781,2600
"180212_Poo_TruePoo_Full2","Propionyl CoA",822.277,475.1986,7.16,6915,18,2960
"180212_Poo_TruePoo_Full3","Propionyl CoA",822.277,475.1986,7.15,8873,129,3048
"180212_Poo_TruePoo_Half1","Propionyl CoA",822.277,475.1986,7.16,5779,31,3074
"180212_Poo_TruePoo_Half2","Propionyl CoA",822.277,475.1986,7.14,4386,59,1901
"180212_Poo_TruePoo_Half3","Propionyl CoA",822.277,475.1986,7.14,4565,86,1845
"180212_Smp_L1C32DCMless10m_A","Propionyl CoA",822.277,475.1986,7.15,11491,76,5630
"180212_Smp_L1C32DCMless10m_B","Propionyl CoA",822.277,475.1986,7.16,9017,0,3629
"180212_Smp_L1C32DCMless10m_C","Propionyl CoA",822.277,475.1986,7.15,9236,6,3403
"180212_Smp_L1C32DCMless20m_A","Propionyl CoA",822.277,475.1986,7.13,8394,63,3067
"180212_Smp_L1C32DCMless20m_B","Propionyl CoA",822.277,475.1986,7.14,9802,45,4060
"180212_Smp_L1C32DCMless20m_C","Propionyl CoA",822.277,475.1986,7.16,14515,85,5582
"180212_Smp_L1C33DCM_A","Propionyl CoA",822.277,475.1986,7.16,7208,24,2801
"180212_Smp_L1C33DCM_B","Propionyl CoA",822.277,475.1986,7.14,8266,24,3521
"180212_Smp_L1C33DCM_C","Propionyl CoA",822.277,475.1986,7.15,5963,67,2479
"180212_Smp_L1C33DCMplus10m_A","Propionyl CoA",822.277,475.1986,7.18,1354,9,934
"180212_Smp_L1C33DCMplus10m_B","Propionyl CoA",822.277,475.1986,7.13,5167,42,2325
"180212_Smp_L1C33DCMplus10m_C","Propionyl CoA",822.277,475.1986,7.15,6066,58,2853
"180212_Smp_L1C33DCMplus20m_A","Propionyl CoA",822.277,475.1986,7.14,4346,7,1499
"180212_Smp_L1C33DCMplus20m_B","Propionyl CoA",822.277,475.1986,7.15,3517,0,2743
"180212_Smp_L1C33DCMplus20m_C","Propionyl CoA",822.277,475.1986,7.15,2982,12,1967
"180212_Smp_L2C1DCMless10m_A","Propionyl CoA",822.277,475.1986,7.14,5317,0,2200
"180212_Smp_L2C1DCMless10m_B","Propionyl CoA",822.277,475.1986,7.15,5286,111,2662
"180212_Smp_L2C1DCMless10m_C","Propionyl CoA",822.277,475.1986,7.15,3489,23,2027
"180212_Smp_L2C1DCMless20m_A","Propionyl CoA",822.277,475.1986,7.15,8402,113,3017
"180212_Smp_L2C1DCMless20m_B","Propionyl CoA",822.277,475.1986,7.13,6391,0,2270
"180212_Smp_L2C1DCMless20m_C","Propionyl CoA",822.277,475.1986,7.15,7414,58,3647
"180212_Smp_L2C2DCM_A","Propionyl CoA",822.277,475.1986,7.16,3386,29,1164
"180212_Smp_L2C2DCM_B","Propionyl CoA",822.277,475.1986,7.15,4467,0,2316
"180212_Smp_L2C2DCM_C","Propionyl CoA",822.277,475.1986,7.15,2835,40,1130
"180212_Smp_L2C2DCMplus10m_A","Propionyl CoA",822.277,475.1986,7.14,2147,0,966
"180212_Smp_L2C2DCMplus10m_B","Propionyl CoA",822.277,475.1986,7.15,4000,0,2293
"180212_Smp_L2C2DCMplus10m_C","Propionyl CoA",822.277,475.1986,7.14,3454,23,2222
"180212_Smp_L2C2DCMplus20m_A","Propionyl CoA",822.277,475.1986,7.16,2544,67,1513
"180212_Smp_L2C2DCMplus20m_B","Propionyl CoA",822.277,475.1986,7.16,2229,41,1546
"180212_Smp_L2C2DCMplus20m_C","Propionyl CoA",822.277,475.1986,7.15,2458,4,1241
"180212_Std_4uMhilicMix4_1","Propionyl CoA",822.277,408.113,7.12,6254644,2449,2032387
"180212_Std_4uMhilicMix4_2","Propionyl CoA",822.277,408.113,7.15,7330038,79204,2160036
"180212_Blk_MQBlk_1","Propionyl CoA",822.277,408.113,7.17,417,6,300
"180212_Blk_MQBlk_2","Propionyl CoA",822.277,408.113,7.11,9,0,16
"180212_Blk_MQBlk_3","Propionyl CoA",822.277,408.113,7.14,15,1,18
"180212_Blk_SWBlk_1","Propionyl CoA",822.277,408.113,7.14,36,0,81
"180212_Blk_SWBlk_2","Propionyl CoA",822.277,408.113,7.13,15,0,12
"180212_Blk_SWBlk_3","Propionyl CoA",822.277,408.113,7.14,6,11,8
"180212_Poo_TruePoo_Full1","Propionyl CoA",822.277,408.113,7.16,13557,40,4819
"180212_Poo_TruePoo_Full2","Propionyl CoA",822.277,408.113,7.14,9017,37,3577
"180212_Poo_TruePoo_Full3","Propionyl CoA",822.277,408.113,7.15,11627,12,2821
"180212_Poo_TruePoo_Half1","Propionyl CoA",822.277,408.113,7.15,6858,0,2870
"180212_Poo_TruePoo_Half2","Propionyl CoA",822.277,408.113,7.16,7201,0,3350
"180212_Poo_TruePoo_Half3","Propionyl CoA",822.277,408.113,7.15,6650,101,3543
"180212_Smp_L1C32DCMless10m_A","Propionyl CoA",822.277,408.113,7.15,19435,120,8153
"180212_Smp_L1C32DCMless10m_B","Propionyl CoA",822.277,408.113,7.15,12933,46,5005
"180212_Smp_L1C32DCMless10m_C","Propionyl CoA",822.277,408.113,7.15,13812,6,6221
"180212_Smp_L1C32DCMless20m_A","Propionyl CoA",822.277,408.113,7.14,13231,89,5815
"180212_Smp_L1C32DCMless20m_B","Propionyl CoA",822.277,408.113,7.16,15480,0,5409
"180212_Smp_L1C32DCMless20m_C","Propionyl CoA",822.277,408.113,7.14,21630,0,7422
"180212_Smp_L1C33DCM_A","Propionyl CoA",822.277,408.113,7.14,9515,81,3836
"180212_Smp_L1C33DCM_B","Propionyl CoA",822.277,408.113,7.15,11580,26,5037
"180212_Smp_L1C33DCM_C","Propionyl CoA",822.277,408.113,7.15,9546,117,4622
"180212_Smp_L1C33DCMplus10m_A","Propionyl CoA",822.277,408.113,7.17,726,1,549
"180212_Smp_L1C33DCMplus10m_B","Propionyl CoA",822.277,408.113,7.14,5347,51,2790
"180212_Smp_L1C33DCMplus10m_C","Propionyl CoA",822.277,408.113,7.16,10467,1,5723
"180212_Smp_L1C33DCMplus20m_A","Propionyl CoA",822.277,408.113,7.15,5033,35,2214
"180212_Smp_L1C33DCMplus20m_B","Propionyl CoA",822.277,408.113,7.15,5489,41,2544
"180212_Smp_L1C33DCMplus20m_C","Propionyl CoA",822.277,408.113,7.15,5000,0,2382
"180212_Smp_L2C1DCMless10m_A","Propionyl CoA",822.277,408.113,7.16,9137,6,3542
"180212_Smp_L2C1DCMless10m_B","Propionyl CoA",822.277,408.113,7.14,11547,56,4531
"180212_Smp_L2C1DCMless10m_C","Propionyl CoA",822.277,408.113,7.14,6872,57,4238
"180212_Smp_L2C1DCMless20m_A","Propionyl CoA",822.277,408.113,7.16,8667,65,4187
"180212_Smp_L2C1DCMless20m_B","Propionyl CoA",822.277,408.113,7.15,14294,29,4745
"180212_Smp_L2C1DCMless20m_C","Propionyl CoA",822.277,408.113,7.15,14373,33,6356
"180212_Smp_L2C2DCM_A","Propionyl CoA",822.277,408.113,7.14,5268,0,2256
"180212_Smp_L2C2DCM_B","Propionyl CoA",822.277,408.113,7.14,7102,28,2879
"180212_Smp_L2C2DCM_C","Propionyl CoA",822.277,408.113,7.15,7449,13,3255
"180212_Smp_L2C2DCMplus10m_A","Propionyl CoA",822.277,408.113,7.13,5136,15,3233
"180212_Smp_L2C2DCMplus10m_B","Propionyl CoA",822.277,408.113,7.16,6419,0,2607
"180212_Smp_L2C2DCMplus10m_C","Propionyl CoA",822.277,408.113,7.16,3641,0,1667
"180212_Smp_L2C2DCMplus20m_A","Propionyl CoA",822.277,408.113,7.14,3144,9,1332
"180212_Smp_L2C2DCMplus20m_B","Propionyl CoA",822.277,408.113,7.14,5056,0,2693
"180212_Smp_L2C2DCMplus20m_C","Propionyl CoA",822.277,408.113,7.15,3707,36,1451
"180212_Std_4uMhilicMix4_1","Succinyl CoA",866.1105,339.0864,3.49,1214260,12088,532922
"180212_Std_4uMhilicMix4_2","Succinyl CoA",866.1105,339.0864,3.52,1107221,24408,471236
"180212_Blk_MQBlk_1","Succinyl CoA",866.1105,339.0864,3.59,6,9,4
"180212_Blk_MQBlk_2","Succinyl CoA",866.1105,339.0864,3.49,46,0,14
"180212_Blk_MQBlk_3","Succinyl CoA",866.1105,339.0864,3.48,16,0,7
"180212_Blk_SWBlk_1","Succinyl CoA",866.1105,339.0864,3.53,20,0,15
"180212_Blk_SWBlk_2","Succinyl CoA",866.1105,339.0864,3.53,35,0,25
"180212_Blk_SWBlk_3","Succinyl CoA",866.1105,339.0864,3.52,14,0,14
"180212_Poo_TruePoo_Full1","Succinyl CoA",866.1105,339.0864,3.47,48,3,27
"180212_Poo_TruePoo_Full2","Succinyl CoA",866.1105,339.0864,3.48,41,22,51
"180212_Poo_TruePoo_Full3","Succinyl CoA",866.1105,339.0864,3.86,1096,19,468
"180212_Poo_TruePoo_Half1","Succinyl CoA",866.1105,339.0864,3.5,19,0,18
"180212_Poo_TruePoo_Half2","Succinyl CoA",866.1105,339.0864,3.48,30,0,13
"180212_Poo_TruePoo_Half3","Succinyl CoA",866.1105,339.0864,3.51,71,0,12
"180212_Smp_L1C32DCMless10m_A","Succinyl CoA",866.1105,339.0864,3.47,40,0,18
"180212_Smp_L1C32DCMless10m_B","Succinyl CoA",866.1105,339.0864,3.56,765,0,520
"180212_Smp_L1C32DCMless10m_C","Succinyl CoA",866.1105,339.0864,3.48,42,10,17
"180212_Smp_L1C32DCMless20m_A","Succinyl CoA",866.1105,339.0864,3.58,515,31,311
"180212_Smp_L1C32DCMless20m_B","Succinyl CoA",866.1105,339.0864,3.45,102,9,63
"180212_Smp_L1C32DCMless20m_C","Succinyl CoA",866.1105,339.0864,3.48,40,0,29
"180212_Smp_L1C33DCM_A","Succinyl CoA",866.1105,339.0864,3.44,47,5,12
"180212_Smp_L1C33DCM_B","Succinyl CoA",866.1105,339.0864,3.5,24,0,17
"180212_Smp_L1C33DCM_C","Succinyl CoA",866.1105,339.0864,3.46,35,0,18
"180212_Smp_L1C33DCMplus10m_A","Succinyl CoA",866.1105,339.0864,3.48,1,0,0
"180212_Smp_L1C33DCMplus10m_B","Succinyl CoA",866.1105,339.0864,3.48,1,0,6
"180212_Smp_L1C33DCMplus10m_C","Succinyl CoA",866.1105,339.0864,3.87,296,17,229
"180212_Smp_L1C33DCMplus20m_A","Succinyl CoA",866.1105,339.0864,3.48,34,0,12
"180212_Smp_L1C33DCMplus20m_B","Succinyl CoA",866.1105,339.0864,3.52,32,0,15
"180212_Smp_L1C33DCMplus20m_C","Succinyl CoA",866.1105,339.0864,3.45,46,0,18
"180212_Smp_L2C1DCMless10m_A","Succinyl CoA",866.1105,339.0864,3.44,56,1,25
"180212_Smp_L2C1DCMless10m_B","Succinyl CoA",866.1105,339.0864,3.49,15,0,9
"180212_Smp_L2C1DCMless10m_C","Succinyl CoA",866.1105,339.0864,3.51,26,0,12
"180212_Smp_L2C1DCMless20m_A","Succinyl CoA",866.1105,339.0864,3.51,17,0,12
"180212_Smp_L2C1DCMless20m_B","Succinyl CoA",866.1105,339.0864,3.86,479,0,486
"180212_Smp_L2C1DCMless20m_C","Succinyl CoA",866.1105,339.0864,3.5,9,0,12
"180212_Smp_L2C2DCM_A","Succinyl CoA",866.1105,339.0864,3.58,204,42,281
"180212_Smp_L2C2DCM_B","Succinyl CoA",866.1105,339.0864,3.55,127,0,215
"180212_Smp_L2C2DCM_C","Succinyl CoA",866.1105,339.0864,3.52,90,0,140
"180212_Smp_L2C2DCMplus10m_A","Succinyl CoA",866.1105,339.0864,3.5,36,33,20
"180212_Smp_L2C2DCMplus10m_B","Succinyl CoA",866.1105,339.0864,3.52,38,0,20
"180212_Smp_L2C2DCMplus10m_C","Succinyl CoA",866.1105,339.0864,3.54,21,0,14
"180212_Smp_L2C2DCMplus20m_A","Succinyl CoA",866.1105,339.0864,3.45,68,8,21
"180212_Smp_L2C2DCMplus20m_B","Succinyl CoA",866.1105,339.0864,3.86,54,0,42
"180212_Smp_L2C2DCMplus20m_C","Succinyl CoA",866.1105,339.0864,3.85,12,0,10
"180212_Std_4uMhilicMix4_1","Succinyl CoA",866.1105,158.9068,3.49,1342875,10943,603882
"180212_Std_4uMhilicMix4_2","Succinyl CoA",866.1105,158.9068,3.52,1255856,22003,512911
"180212_Blk_MQBlk_1","Succinyl CoA",866.1105,158.9068,3.55,157,0,242
"180212_Blk_MQBlk_2","Succinyl CoA",866.1105,158.9068,3.47,37,0,14
"180212_Blk_MQBlk_3","Succinyl CoA",866.1105,158.9068,3.51,9,7,4
"180212_Blk_SWBlk_1","Succinyl CoA",866.1105,158.9068,3.53,8,1,6
"180212_Blk_SWBlk_2","Succinyl CoA",866.1105,158.9068,3.52,44,0,36
"180212_Blk_SWBlk_3","Succinyl CoA",866.1105,158.9068,3.5,0,2,2
"180212_Poo_TruePoo_Full1","Succinyl CoA",866.1105,158.9068,3.49,46,2,40
"180212_Poo_TruePoo_Full2","Succinyl CoA",866.1105,158.9068,3.5,25,0,12
"180212_Poo_TruePoo_Full3","Succinyl CoA",866.1105,158.9068,3.85,4130,0,1924
"180212_Poo_TruePoo_Half1","Succinyl CoA",866.1105,158.9068,3.5,1,6,2
"180212_Poo_TruePoo_Half2","Succinyl CoA",866.1105,158.9068,3.52,22,0,12
"180212_Poo_TruePoo_Half3","Succinyl CoA",866.1105,158.9068,3.53,61,2,19
"180212_Smp_L1C32DCMless10m_A","Succinyl CoA",866.1105,158.9068,3.44,20,19,19
"180212_Smp_L1C32DCMless10m_B","Succinyl CoA",866.1105,158.9068,3.57,713,9,443
"180212_Smp_L1C32DCMless10m_C","Succinyl CoA",866.1105,158.9068,3.5,24,41,13
"180212_Smp_L1C32DCMless20m_A","Succinyl CoA",866.1105,158.9068,3.57,686,33,445
"180212_Smp_L1C32DCMless20m_B","Succinyl CoA",866.1105,158.9068,3.48,55,2,17
"180212_Smp_L1C32DCMless20m_C","Succinyl CoA",866.1105,158.9068,3.47,14,0,7
"180212_Smp_L1C33DCM_A","Succinyl CoA",866.1105,158.9068,3.49,62,3,19
"180212_Smp_L1C33DCM_B","Succinyl CoA",866.1105,158.9068,3.5,50,2,33
"180212_Smp_L1C33DCM_C","Succinyl CoA",866.1105,158.9068,3.47,36,7,11
"180212_Smp_L1C33DCMplus10m_A","Succinyl CoA",866.1105,158.9068,3.52,12,0,8
"180212_Smp_L1C33DCMplus10m_B","Succinyl CoA",866.1105,158.9068,3.5,20,0,24
"180212_Smp_L1C33DCMplus10m_C","Succinyl CoA",866.1105,158.9068,3.85,2330,0,1134
"180212_Smp_L1C33DCMplus20m_A","Succinyl CoA",866.1105,158.9068,3.5,80,0,22
"180212_Smp_L1C33DCMplus20m_B","Succinyl CoA",866.1105,158.9068,3.57,81,39,94
"180212_Smp_L1C33DCMplus20m_C","Succinyl CoA",866.1105,158.9068,3.46,53,0,45
"180212_Smp_L2C1DCMless10m_A","Succinyl CoA",866.1105,158.9068,3.48,83,1,35
"180212_Smp_L2C1DCMless10m_B","Succinyl CoA",866.1105,158.9068,3.47,4,3,9
"180212_Smp_L2C1DCMless10m_C","Succinyl CoA",866.1105,158.9068,3.49,93,0,115
"180212_Smp_L2C1DCMless20m_A","Succinyl CoA",866.1105,158.9068,3.54,33,0,21
"180212_Smp_L2C1DCMless20m_B","Succinyl CoA",866.1105,158.9068,3.86,2110,18,990
"180212_Smp_L2C1DCMless20m_C","Succinyl CoA",866.1105,158.9068,3.49,1,7,1
"180212_Smp_L2C2DCM_A","Succinyl CoA",866.1105,158.9068,3.55,402,0,276
"180212_Smp_L2C2DCM_B","Succinyl CoA",866.1105,158.9068,3.52,7,0,6
"180212_Smp_L2C2DCM_C","Succinyl CoA",866.1105,158.9068,3.53,29,5,48
"180212_Smp_L2C2DCMplus10m_A","Succinyl CoA",866.1105,158.9068,3.5,72,0,24
"180212_Smp_L2C2DCMplus10m_B","Succinyl CoA",866.1105,158.9068,3.47,6,6,15
"180212_Smp_L2C2DCMplus10m_C","Succinyl CoA",866.1105,158.9068,3.51,3,9,0
"180212_Smp_L2C2DCMplus20m_A","Succinyl CoA",866.1105,158.9068,3.45,35,2,13
"180212_Smp_L2C2DCMplus20m_B","Succinyl CoA",866.1105,158.9068,3.88,1046,14,563
"180212_Smp_L2C2DCMplus20m_C","Succinyl CoA",866.1105,158.9068,3.86,1487,8,1149
"180212_Std_4uMhilicMix4_1","13C Acetyl CoA",810.2043,463.1176,5.4,1567135,66982,848872
"180212_Std_4uMhilicMix4_2","13C Acetyl CoA",810.2043,463.1176,5.42,2499243,26225,1375220
"180212_Blk_MQBlk_1","13C Acetyl CoA",810.2043,463.1176,5.43,9825586,41623,4636502
"180212_Blk_MQBlk_2","13C Acetyl CoA",810.2043,463.1176,5.42,10124913,37621,4367719
"180212_Blk_MQBlk_3","13C Acetyl CoA",810.2043,463.1176,5.43,9089972,46000,4055327
"180212_Blk_SWBlk_1","13C Acetyl CoA",810.2043,463.1176,5.42,8511144,54574,3396883
"180212_Blk_SWBlk_2","13C Acetyl CoA",810.2043,463.1176,5.43,8539858,85293,3660904
"180212_Blk_SWBlk_3","13C Acetyl CoA",810.2043,463.1176,5.44,8990920,81157,3823188
"180212_Poo_TruePoo_Full1","13C Acetyl CoA",810.2043,463.1176,5.44,8048978,65350,3584426
"180212_Poo_TruePoo_Full2","13C Acetyl CoA",810.2043,463.1176,5.43,9667078,39475,4449374
"180212_Poo_TruePoo_Full3","13C Acetyl CoA",810.2043,463.1176,5.44,8305507,45293,3859833
"180212_Poo_TruePoo_Half1","13C Acetyl CoA",810.2043,463.1176,5.43,3582875,24961,1386643
"180212_Poo_TruePoo_Half2","13C Acetyl CoA",810.2043,463.1176,5.42,4037787,24234,1519072
"180212_Poo_TruePoo_Half3","13C Acetyl CoA",810.2043,463.1176,5.43,3651052,2967,1446582
"180212_Smp_L1C32DCMless10m_A","13C Acetyl CoA",810.2043,463.1176,5.42,8504993,54204,3475629
"180212_Smp_L1C32DCMless10m_B","13C Acetyl CoA",810.2043,463.1176,5.43,8671871,162379,3509077
"180212_Smp_L1C32DCMless10m_C","13C Acetyl CoA",810.2043,463.1176,5.43,9299872,146740,4197736
"180212_Smp_L1C32DCMless20m_A","13C Acetyl CoA",810.2043,463.1176,5.42,8959392,42549,3764955
"180212_Smp_L1C32DCMless20m_B","13C Acetyl CoA",810.2043,463.1176,5.43,8904220,180716,3832432
"180212_Smp_L1C32DCMless20m_C","13C Acetyl CoA",810.2043,463.1176,5.44,9234927,57679,4200731
"180212_Smp_L1C33DCM_A","13C Acetyl CoA",810.2043,463.1176,5.42,8994706,32878,3733518
"180212_Smp_L1C33DCM_B","13C Acetyl CoA",810.2043,463.1176,5.43,8924293,24529,3973069
"180212_Smp_L1C33DCM_C","13C Acetyl CoA",810.2043,463.1176,5.43,8948141,54713,3735286
"180212_Smp_L1C33DCMplus10m_A","13C Acetyl CoA",810.2043,463.1176,5.45,7532288,34315,2824465
"180212_Smp_L1C33DCMplus10m_B","13C Acetyl CoA",810.2043,463.1176,5.44,9928976,114829,4272868
"180212_Smp_L1C33DCMplus10m_C","13C Acetyl CoA",810.2043,463.1176,5.43,8975022,46038,3814094
"180212_Smp_L1C33DCMplus20m_A","13C Acetyl CoA",810.2043,463.1176,5.43,7738918,22554,3016309
"180212_Smp_L1C33DCMplus20m_B","13C Acetyl CoA",810.2043,463.1176,5.43,8047471,14062,3297657
"180212_Smp_L1C33DCMplus20m_C","13C Acetyl CoA",810.2043,463.1176,5.43,9487945,85105,4232768
"180212_Smp_L2C1DCMless10m_A","13C Acetyl CoA",810.2043,463.1176,5.42,8416451,32284,3437187
"180212_Smp_L2C1DCMless10m_B","13C Acetyl CoA",810.2043,463.1176,5.42,8971233,26829,3559173
"180212_Smp_L2C1DCMless10m_C","13C Acetyl CoA",810.2043,463.1176,5.43,8247339,38204,3612543
"180212_Smp_L2C1DCMless20m_A","13C Acetyl CoA",810.2043,463.1176,5.43,7852030,24232,3348894
"180212_Smp_L2C1DCMless20m_B","13C Acetyl CoA",810.2043,463.1176,5.42,8399248,23289,3359299
"180212_Smp_L2C1DCMless20m_C","13C Acetyl CoA",810.2043,463.1176,5.43,9608339,138957,4466404
"180212_Smp_L2C2DCM_A","13C Acetyl CoA",810.2043,463.1176,5.42,8564488,42539,3464593
"180212_Smp_L2C2DCM_B","13C Acetyl CoA",810.2043,463.1176,5.43,9395330,23654,3969285
"180212_Smp_L2C2DCM_C","13C Acetyl CoA",810.2043,463.1176,5.43,8445505,128390,3642172
"180212_Smp_L2C2DCMplus10m_A","13C Acetyl CoA",810.2043,463.1176,5.43,9016356,44160,3837815
"180212_Smp_L2C2DCMplus10m_B","13C Acetyl CoA",810.2043,463.1176,5.42,9069234,217055,3662677
"180212_Smp_L2C2DCMplus10m_C","13C Acetyl CoA",810.2043,463.1176,5.44,7804221,70092,3442964
"180212_Smp_L2C2DCMplus20m_A","13C Acetyl CoA",810.2043,463.1176,5.42,7809523,41673,3155014
"180212_Smp_L2C2DCMplus20m_B","13C Acetyl CoA",810.2043,463.1176,5.43,6897407,82645,2659423
"180212_Smp_L2C2DCMplus20m_C","13C Acetyl CoA",810.2043,463.1176,5.44,8000478,39914,3674489
"180212_Std_4uMhilicMix4_1","13C Acetyl CoA",810.2043,408.0569,5.4,2112580,93910,1151592
"180212_Std_4uMhilicMix4_2","13C Acetyl CoA",810.2043,408.0569,5.42,3349291,36566,1794922
"180212_Blk_MQBlk_1","13C Acetyl CoA",810.2043,408.0569,5.43,14026272,57556,6620013
"180212_Blk_MQBlk_2","13C Acetyl CoA",810.2043,408.0569,5.42,14606736,50477,6218314
"180212_Blk_MQBlk_3","13C Acetyl CoA",810.2043,408.0569,5.43,12859406,63655,5823575
"180212_Blk_SWBlk_1","13C Acetyl CoA",810.2043,408.0569,5.42,12227511,41466,4723892
"180212_Blk_SWBlk_2","13C Acetyl CoA",810.2043,408.0569,5.43,12110803,146553,5184504
"180212_Blk_SWBlk_3","13C Acetyl CoA",810.2043,408.0569,5.44,12705804,96843,5624588
"180212_Poo_TruePoo_Full1","13C Acetyl CoA",810.2043,408.0569,5.44,11449321,73411,5169644
"180212_Poo_TruePoo_Full2","13C Acetyl CoA",810.2043,408.0569,5.43,13850185,58074,6326046
"180212_Poo_TruePoo_Full3","13C Acetyl CoA",810.2043,408.0569,5.44,11847258,88246,5559324
"180212_Poo_TruePoo_Half1","13C Acetyl CoA",810.2043,408.0569,5.43,5193993,25243,1960456
"180212_Poo_TruePoo_Half2","13C Acetyl CoA",810.2043,408.0569,5.42,5736368,25810,2142141
"180212_Poo_TruePoo_Half3","13C Acetyl CoA",810.2043,408.0569,5.43,5240130,3201,2051996
"180212_Smp_L1C32DCMless10m_A","13C Acetyl CoA",810.2043,408.0569,5.42,12116422,57816,4999240
"180212_Smp_L1C32DCMless10m_B","13C Acetyl CoA",810.2043,408.0569,5.43,12632460,202698,5264032
"180212_Smp_L1C32DCMless10m_C","13C Acetyl CoA",810.2043,408.0569,5.43,13460831,181368,6044380
"180212_Smp_L1C32DCMless20m_A","13C Acetyl CoA",810.2043,408.0569,5.42,12726328,45809,5171262
"180212_Smp_L1C32DCMless20m_B","13C Acetyl CoA",810.2043,408.0569,5.43,13076203,183617,5714176
"180212_Smp_L1C32DCMless20m_C","13C Acetyl CoA",810.2043,408.0569,5.44,13363051,108139,6072852
"180212_Smp_L1C33DCM_A","13C Acetyl CoA",810.2043,408.0569,5.42,12864885,60410,5418694
"180212_Smp_L1C33DCM_B","13C Acetyl CoA",810.2043,408.0569,5.43,12682216,45343,5669235
"180212_Smp_L1C33DCM_C","13C Acetyl CoA",810.2043,408.0569,5.43,12668013,69886,5244523
"180212_Smp_L1C33DCMplus10m_A","13C Acetyl CoA",810.2043,408.0569,5.45,10669070,94318,4000500
"180212_Smp_L1C33DCMplus10m_B","13C Acetyl CoA",810.2043,408.0569,5.44,14232219,192775,6172704
"180212_Smp_L1C33DCMplus10m_C","13C Acetyl CoA",810.2043,408.0569,5.43,12677697,111977,5388323
"180212_Smp_L1C33DCMplus20m_A","13C Acetyl CoA",810.2043,408.0569,5.43,10958199,11362,4357410
"180212_Smp_L1C33DCMplus20m_B","13C Acetyl CoA",810.2043,408.0569,5.43,11393241,25742,4602893
"180212_Smp_L1C33DCMplus20m_C","13C Acetyl CoA",810.2043,408.0569,5.43,13655485,67666,6119831
"180212_Smp_L2C1DCMless10m_A","13C Acetyl CoA",810.2043,408.0569,5.42,11925864,75750,4823848
"180212_Smp_L2C1DCMless10m_B","13C Acetyl CoA",810.2043,408.0569,5.43,12664023,33988,5002745
"180212_Smp_L2C1DCMless10m_C","13C Acetyl CoA",810.2043,408.0569,5.43,11917719,67188,5132096
"180212_Smp_L2C1DCMless20m_A","13C Acetyl CoA",810.2043,408.0569,5.43,11362478,22552,4893661
"180212_Smp_L2C1DCMless20m_B","13C Acetyl CoA",810.2043,408.0569,5.43,11935319,18562,4754307
"180212_Smp_L2C1DCMless20m_C","13C Acetyl CoA",810.2043,408.0569,5.43,13659834,150236,5993800
"180212_Smp_L2C2DCM_A","13C Acetyl CoA",810.2043,408.0569,5.42,12173214,27373,4863689
"180212_Smp_L2C2DCM_B","13C Acetyl CoA",810.2043,408.0569,5.43,13524253,20961,5655109
"180212_Smp_L2C2DCM_C","13C Acetyl CoA",810.2043,408.0569,5.43,11970826,152545,5136972
"180212_Smp_L2C2DCMplus10m_A","13C Acetyl CoA",810.2043,408.0569,5.43,12877461,49368,5667083
"180212_Smp_L2C2DCMplus10m_B","13C Acetyl CoA",810.2043,408.0569,5.43,13108452,202419,5349946
"180212_Smp_L2C2DCMplus10m_C","13C Acetyl CoA",810.2043,408.0569,5.44,11284071,59460,5172832
"180212_Smp_L2C2DCMplus20m_A","13C Acetyl CoA",810.2043,408.0569,5.42,11068937,39802,4446504
"180212_Smp_L2C2DCMplus20m_B","13C Acetyl CoA",810.2043,408.0569,5.43,10275331,125763,4088405
"180212_Smp_L2C2DCMplus20m_C","13C Acetyl CoA",810.2043,408.0569,5.44,11212636,48068,4756912
